mol,pic50,smiles
CHEMBL103667,4.522878745,Cc1ccc(-n2nc(C(C)(C)C)cc2NC(=O)Nc2ccc(OCCN3CCOCC3)c3ccccc23)cc1
CHEMBL1087397,5.698970004,CN(C)Cc1ccc(-c2cnn3c(-c4cccc(NC(=O)c5cccc(C(F)(F)F)c5)c4)ccnc23)cc1
CHEMBL1087421,5,COc1cc2c(cc1Cl)C(c1ccc(Cl)c(Cl)c1)=NCC2
CHEMBL1088633,5,COc1cc2c(cc1Cl)C(c1cccc(Cl)c1)=NCC2
CHEMBL1089082,4.301029996,O=C(Nc1cccc(-c2ccnc3cc(-c4ccncc4)nn23)c1)c1cccc(C(F)(F)F)c1
CHEMBL1090360,6,O=C(Cc1ccccc1)Nc1cccc(-c2nc3sccn3c2-c2ccnc(Nc3cccc(N4CCOCC4)c3)n2)c1
CHEMBL1092830,6.142667504,Cc1cc(NC(=O)/N=c2/[nH]cc(CCNc3cc(Nc4nc[nH]n4)ncn3)s2)c(C(F)(F)F)o1
CHEMBL1094135,7.37675071,COc1ccccc1Nc1ncc2c(n1)-c1c(c(C(N)=O)nn1C)CC2
CHEMBL1094322,6.591760035,COc1ccc(Nc2ncc3c(n2)-c2c(c(C(N)=O)nn2C)CC3)cc1
CHEMBL1094400,5,NC(=O)c1nn(-c2ccccc2)c2c1CCc1cnc(Nc3ccccc3)nc1-2
CHEMBL1094401,6.605548319,NC(=O)c1n[nH]c2c1CCc1cnc(Nc3ccccc3)nc1-2
CHEMBL1094402,6.844663963,NC(=O)c1nn(C2CCCCC2)c2c1CCc1cnc(Nc3ccccc3)nc1-2
CHEMBL1094408,8.070581074,COc1ccc(N2CCN(C)CC2)cc1Nc1ncc2c(n1)-c1c(c(C(N)=O)nn1C)CC2
CHEMBL1094477,7.838631998,Cc1ccccc1Nc1ncc2c(n1)-c1c(c(C(N)=O)nn1C)CC2
CHEMBL1094478,7.013228266,CSc1ccccc1Nc1ncc2c(n1)-c1c(c(C(N)=O)nn1C)CC2
CHEMBL1094484,5.951946827,COC(=O)c1ccccc1Nc1ncc2c(n1)-c1c(c(C(N)=O)nn1C)CC2
CHEMBL1094488,6.025488307,Cn1nc(C(N)=O)c2c1-c1nc(Nc3ccccc3Cc3ccccc3)ncc1CC2
CHEMBL1094735,6.366531544,CC(C)n1nc(C(N)=O)c2c1-c1nc(Nc3ccccc3)ncc1CC2
CHEMBL1094810,6.311580178,Cn1nc(C(N)=O)c2c1-c1nc(Nc3ccccc3[N+](=O)[O-])ncc1CC2
CHEMBL1094811,5,Cn1nc(C(N)=O)c2c1-c1nc(Nc3cccc([N+](=O)[O-])c3)ncc1CC2
CHEMBL1094815,5.682772651,Cn1nc(C(N)=O)c2c1-c1nc(Nc3ccccc3C(N)=O)ncc1CC2
CHEMBL1094816,5.42794201,Cn1nc(C(N)=O)c2c1-c1nc(Nc3ccccc3S(N)(=O)=O)ncc1CC2
CHEMBL1094817,5.805485658,Cn1nc(C(N)=O)c2c1-c1nc(Nc3ccccc3-c3ccccc3)ncc1CC2
CHEMBL1094820,6.022733788,Cn1nc(C(N)=O)c2c1-c1nc(Nc3ccccc3Nc3ccccc3)ncc1CC2
CHEMBL1094821,5.705754284,Cn1nc(C(N)=O)c2c1-c1nc(Nc3ccccc3C(=O)c3ccccc3)ncc1CC2
CHEMBL1094822,5.691862621,Cn1nc(C(N)=O)c2c1-c1nc(Nc3ccccc3Sc3ccccc3)ncc1CC2
CHEMBL1095132,5,Cn1nc(C(N)=O)c2c1-c1nc(Nc3ccc([N+](=O)[O-])cc3)ncc1CC2
CHEMBL1095448,6.869666232,COc1cccc(Nc2ncc3c(n2)-c2c(c(C(N)=O)nn2C)CC3)c1
CHEMBL1095457,6.958607315,CNc1ccccc1Nc1ncc2c(n1)-c1c(c(C(N)=O)nn1C)CC2
CHEMBL1095709,8.22184875,NC(=O)c1nn(CC(F)(F)F)c2c1CCc1cnc(Nc3ccccc3)nc1-2
CHEMBL1095716,6.962573502,CC(=O)c1ccc(N2CCN(C)CC2)cc1Nc1ncc2c(n1)-c1c(c(C(N)=O)nn1C)CC2
CHEMBL1095717,7.397940009,COc1cc(N2CCN(C)CC2)ccc1Nc1ncc2c(n1)-c1c(c(C(N)=O)nn1C)CC2
CHEMBL1095771,6.903089987,Cn1nc(C(N)=O)c2c1-c1nc(Nc3ccccc3F)ncc1CC2
CHEMBL1095772,6.437707136,CC(C)c1ccccc1Nc1ncc2c(n1)-c1c(c(C(N)=O)nn1C)CC2
CHEMBL1096028,6.333482019,CC(=O)c1cc(N2CCN(C)CC2)ccc1Nc1ncc2c(n1)-c1c(c(C(N)=O)nn1C)CC2
CHEMBL1096095,6.555955204,Cn1nc(C(N)=O)c2c1-c1nc(Nc3ccccc3Oc3ccccc3)ncc1CC2
CHEMBL1097022,6.823908741,Cn1nc(C(N)=O)c2c1-c1nc(Nc3ccccc3N)ncc1CC2
CHEMBL1097071,6.364516253,Cn1nc(C(N)=O)c2c1-c1nc(Nc3ccccc3C(F)(F)F)ncc1CC2
CHEMBL1097373,5.598082749,CC(=O)Nc1ccccc1Nc1ncc2c(n1)-c1c(c(C(N)=O)nn1C)CC2
CHEMBL1097374,5.68803434,CC(=O)c1c(Nc2ncc3c(n2)-c2c(c(C(N)=O)nn2C)CC3)cccc1N1CCN(C)CC1
CHEMBL1097424,7.292429824,Cn1nc(C(N)=O)c2c1-c1nc(Nc3cccc(C(F)(F)F)c3)ncc1CC2
CHEMBL1097429,6.059483515,Cn1nc(C(N)=O)c2c1-c1nc(Nc3ccc(C(F)(F)F)cc3)ncc1CC2
CHEMBL1098057,5,CN1CCC(n2nc(C(N)=O)c3c2-c2nc(Nc4ccccc4)ncc2CC3)CC1
CHEMBL1098058,5,NC(=O)c1nn(CCN2CCCCC2)c2c1CCc1cnc(Nc3ccccc3)nc1-2
CHEMBL1098059,5,CCOC(=O)c1nn(C)c2c1CCc1cnc(Nc3ccccc3)nc1-2
CHEMBL1098060,6.958607315,Cn1nc(C(=O)O)c2c1-c1nc(Nc3ccccc3)ncc1CC2
CHEMBL1099104,6.460923901,CC(=O)c1ccccc1Nc1ncc2c(n1)-c1c(c(C(N)=O)nn1C)CC2
CHEMBL1099105,7,CC(=O)c1cccc(Nc2ncc3c(n2)-c2c(c(C(N)=O)nn2C)CC3)c1
CHEMBL1099106,6.705533774,CC(=O)c1ccc(Nc2ncc3c(n2)-c2c(c(C(N)=O)nn2C)CC3)cc1
CHEMBL115220,5,O=C(Cc1ccc2ccccc2c1)Nc1cc(C2CC2)n[nH]1
CHEMBL1200485,5,CNC(=O)c1cc(Oc2ccc(NC(=O)Nc3ccc(Cl)c(C(F)(F)F)c3)cc2)ccn1.Cc1ccc(S(=O)(=O)O)cc1
CHEMBL1208833,8.397940009,C[C@@H](Oc1cc(-n2cnc3cc(-c4ccnc(Cl)c4)ccc32)sc1C(N)=O)c1ccccc1C(F)(F)F
CHEMBL1208834,7.27572413,C[C@@H](Oc1cc(-n2cnc3ccc(-c4ccnc(Cl)c4)cc32)sc1C(N)=O)c1ccccc1C(F)(F)F
CHEMBL1208835,9,C[C@@H](Oc1cc(-n2cnc3cc(-c4ccnc(N)c4)ccc32)sc1C(N)=O)c1ccccc1C(F)(F)F
CHEMBL1208892,9,C[C@@H](Oc1cc(-n2cnc3cc(-c4ccnc(N)n4)ccc32)sc1C(N)=O)c1ccccc1C(F)(F)F
CHEMBL1208893,9,C[C@@H](Oc1cc(-n2cnc3cc(-c4cnc(N)nc4)ccc32)sc1C(N)=O)c1ccccc1C(F)(F)F
CHEMBL1208894,8.096910013,C[C@@H](Oc1cc(-n2cnc3cc(-c4ccnc(N5CCNCC5)c4)ccc32)sc1C(N)=O)c1ccccc1Cl
CHEMBL1208958,8.698970004,C[C@@H](Oc1cc(-n2cnc3cc(-c4ccnc(N5CCN(C)CC5)c4)ccc32)sc1C(N)=O)c1ccccc1Cl
CHEMBL1208959,8.522878745,C[C@@H](Oc1cc(-n2cnc3cc(-c4ccnc(N5CCN(C)CC5)c4)ccc32)sc1C(N)=O)c1ccccc1C(F)(F)F
CHEMBL1208960,8.301029996,C[C@@H](Oc1cc(-n2cnc3cc(-c4ccnc(N5CCOCC5)c4)ccc32)sc1C(N)=O)c1ccccc1C(F)(F)F
CHEMBL1208961,8.522878745,C[C@@H](Oc1cc(-n2cnc3cc(-c4ccnc(NCCN(C)C)c4)ccc32)sc1C(N)=O)c1ccccc1C(F)(F)F
CHEMBL1208962,9,C[C@@H](Oc1cc(-n2cnc3cc(-c4ccnc(NCCS(C)(=O)=O)c4)ccc32)sc1C(N)=O)c1ccccc1Cl
CHEMBL1208963,9,C[C@@H](Oc1cc(-n2cnc3cc(-c4ccnc(NCCO)c4)ccc32)sc1C(N)=O)c1ccccc1Cl
CHEMBL1208964,9,C[C@@H](Oc1cc(-n2cnc3cc(-c4ccnc(NC5CCN(C)CC5)c4)ccc32)sc1C(N)=O)c1ccccc1Cl
CHEMBL1208965,8.698970004,C[C@@H](Oc1cc(-n2cnc3cc(-c4ccc(NC5CCN(C)CC5)nc4)ccc32)sc1C(N)=O)c1ccccc1Cl
CHEMBL1208966,9,C[C@@H](Oc1cc(-n2cnc3cc(-c4ccnc(NC5CCN(C)CC5)n4)ccc32)sc1C(N)=O)c1ccccc1Cl
CHEMBL1209015,9,C[C@@H](Oc1cc(-n2cnc3cc(-c4cnn(CCN5CCOCC5)c4)ccc32)sc1C(N)=O)c1ccccc1Cl
CHEMBL1209016,9,C[C@@H](Oc1cc(-n2cnc3cc(-c4cnn(CCN5CCN(C)CC5)c4)ccc32)sc1C(N)=O)c1ccccc1Cl
CHEMBL1209017,8.698970004,C[C@@H](Oc1cc(-n2cnc3cc(-c4cnn(CCCN(C)C)c4)ccc32)sc1C(N)=O)c1ccccc1Cl
CHEMBL1209018,9,CCN1CCN(CCCn2cc(-c3ccc4c(c3)ncn4-c3cc(O[C@H](C)c4ccccc4Cl)c(C(N)=O)s3)cn2)CC1
CHEMBL1209603,8.22184875,C[C@@H](Oc1cc(-n2cnc3cc(-c4ccccc4)ccc32)sc1C(N)=O)c1ccccc1C(F)(F)F
CHEMBL1209604,7.744727495,C[C@@H](Oc1cc(-n2cnc3ccc(-c4ccccc4)cc32)sc1C(N)=O)c1ccccc1C(F)(F)F
CHEMBL1209605,9,C[C@@H](Oc1cc(-n2cnc3cc(-c4ccncc4)ccc32)sc1C(N)=O)c1ccccc1C(F)(F)F
CHEMBL1209606,8.698970004,C[C@@H](Oc1cc(-n2cnc3ccc(-c4ccncc4)cc32)sc1C(N)=O)c1ccccc1C(F)(F)F
CHEMBL1209674,9,C[C@@H](Oc1cc(-n2cnc3cc(-c4ccncc4)ccc32)sc1C(N)=O)c1ccccc1Cl
CHEMBL1209675,8.698970004,C[C@@H](Oc1cc(-n2cnc3ccc(-c4ccncc4)cc32)sc1C(N)=O)c1ccccc1Cl
CHEMBL1209676,9,C[C@@H](Oc1cc(-n2cnc3cc(-c4cccnc4)ccc32)sc1C(N)=O)c1ccccc1C(F)(F)F
CHEMBL1209677,8.698970004,C[C@@H](Oc1cc(-n2cnc3ccc(-c4cccnc4)cc32)sc1C(N)=O)c1ccccc1C(F)(F)F
CHEMBL1209756,8.22184875,C[C@@H](Oc1cc(-n2cnc3cc(-c4ccccn4)ccc32)sc1C(N)=O)c1ccccc1C(F)(F)F
CHEMBL1209757,8.522878745,C[C@@H](Oc1cc(-n2cnc3cc(-c4cccs4)ccc32)sc1C(N)=O)c1ccccc1C(F)(F)F
CHEMBL1209758,8.301029996,C[C@@H](Oc1cc(-n2cnc3cc(-c4ccc[nH]4)ccc32)sc1C(N)=O)c1ccccc1C(F)(F)F
CHEMBL1209759,9,C[C@@H](Oc1cc(-n2cnc3cc(-c4cn[nH]c4)ccc32)sc1C(N)=O)c1ccccc1C(F)(F)F
CHEMBL1209841,9,C[C@@H](Oc1cc(-n2cnc3cc(-c4cnn(C)c4)ccc32)sc1C(N)=O)c1ccccc1C(F)(F)F
CHEMBL1209842,9,C[C@@H](Oc1cc(-n2cnc3cc(-c4cnn(C)c4)ccc32)sc1C(N)=O)c1ccccc1Cl
CHEMBL1209843,9,C[C@@H](Oc1cc(-n2cnc3ccc(-c4cnn(C)c4)cc32)sc1C(N)=O)c1ccccc1Cl
CHEMBL1209844,9,Cc1cc(-c2ccc3c(c2)ncn3-c2cc(O[C@H](C)c3ccccc3C(F)(F)F)c(C(N)=O)s2)ccn1
CHEMBL1222044,7.698970004,NC(=O)c1sc2c([N+](=O)[O-])cc(SC(F)(F)F)cc2[n+]1[O-]
CHEMBL1230607,5,CC(C)CC(=O)Nc1n[nH]c2c1CN(C(=O)C1CCN(C)CC1)C2(C)C
CHEMBL1231522,4.645891561,COc1cc(-c2cnc(N)c(N3CCC(C(=O)O)CC3)n2)cc(OC)c1OC
CHEMBL1233528,9.060480747,CC[C@@H]1C(=O)N(C)c2cnc(Nc3ccc(C(=O)N[C@H]4CC[C@H](N5CCN(CC6CC6)CC5)CC4)cc3OC)nc2N1C(C)C
CHEMBL1241855,8.045757491,COc1cc(OC)c(/C=C/S(=O)(=O)Cc2ccc(OC)c(NCC(=O)O)c2)c(OC)c1
CHEMBL1242482,4.301029996,O=C(O)c1ccc(C(=O)/C(=C\c2ccc(F)c([N+](=O)[O-])c2)SCc2ccc(Br)cc2)cc1
CHEMBL1242977,5.096910013,CNc1nccc(-c2cccnc2Oc2ccc(NC(=O)c3cccc(C(F)(F)F)c3)cc2C)n1
CHEMBL1243200,6,CNc1nccc(-c2cccnc2Oc2ccc(NC(=O)c3ccccc3Nc3ccccc3)cc2)n1
CHEMBL1243326,4.602059991,CNc1nccc(-c2cccnc2Oc2ccc(Nc3nnc(-c4ccc(F)cc4)c4ccccc34)cc2)n1
CHEMBL1258913,5,O=C(Nc1n[nH]c2cc(C(=O)N[C@H](CN3CCCC3)c3ccccc3)sc12)c1ccc(N2CCOCC2)cc1
CHEMBL1269042,7.133712661,Cn1nc(C(N)=O)c2c1-c1nc(Nc3cc(N)ccc3OC(F)(F)F)ncc1CC2
CHEMBL1269487,6.066006836,Cn1nc(C(N)=O)c2c1-c1nc(Nc3cc(N4CCN(C(=O)OC(C)(C)C)CC4)ccc3OC(F)(F)F)ncc1CC2
CHEMBL1269488,7.455931956,Cn1nc(C(N)=O)c2c1-c1nc(Nc3cc(N4CCN(C(=O)N5CCNCC5)CC4)ccc3OC(F)(F)F)ncc1CC2
CHEMBL1269489,5,CN1CCN(c2ccc(OC(F)(F)F)c(Nc3ncc4c(n3)-c3c(c(C(N)=O)nn3C(c3ccccc3)(c3ccccc3)c3ccccc3)CC4)c2)CC1
CHEMBL1269490,5.576754126,COc1ccc(Cn2nc(C(N)=O)c3c2-c2nc(Nc4cc(N5CCNCC5)ccc4OC(F)(F)F)ncc2CC3)cc1
CHEMBL1270230,5,NC(=O)c1cc(-c2ccnc(N)n2)[nH]c1-c1ccccc1
CHEMBL1271482,6.015922966,CN1C(C)(C)CC(Nc2ccc(OC(F)(F)F)c(Nc3ncc4c(n3)-c3c(c(C(N)=O)nn3C)CC4)c2)CC1(C)C
CHEMBL1271535,6.866461092,CN1CCCC1CCNc1ccc(OC(F)(F)F)c(Nc2ncc3c(n2)-c2c(c(C(N)=O)nn2C)CC3)c1
CHEMBL1271590,8.096910013,CCN1CCN(c2ccc(OC(F)(F)F)c(Nc3ncc4c(n3)-c3c(c(C(N)=O)nn3C)CC4)c2)CC1
CHEMBL1271591,7.113509275,Cn1nc(C(N)=O)c2c1-c1nc(Nc3cc(NC4CCNC4)ccc3OC(F)(F)F)ncc1CC2
CHEMBL1271644,8.698970004,Cn1nc(C(N)=O)c2c1-c1nc(Nc3cc(N4CCNCC4)ccc3OC(F)(F)F)ncc1CC2
CHEMBL1271645,6.896196279,Cn1nc(C(N)=O)c2c1-c1nc(Nc3cc(N4CC[N+](C)([O-])CC4)ccc3OC(F)(F)F)ncc1CC2
CHEMBL1271694,5.571541226,Cn1nc(C(N)=O)c2c1-c1nc(Nc3cc([N+]4([O-])CC[N+](C)([O-])CC4)ccc3OC(F)(F)F)ncc1CC2
CHEMBL1272089,6.931814138,Cn1nc(C(N)=O)c2c1-c1nc(Nc3ccccc3OC(F)(F)F)ncc1CC2
CHEMBL1272140,8.698970004,CN1CCN(c2ccc(OC(F)(F)F)c(Nc3ncc4c(n3)-c3c(c(C(N)=O)nn3C)CC4)c2)CC1
CHEMBL1272195,7.602059991,CN1CCCN(c2ccc(OC(F)(F)F)c(Nc3ncc4c(n3)-c3c(c(C(N)=O)nn3C)CC4)c2)CC1
CHEMBL1272250,7.48148606,Cn1nc(C(N)=O)c2c1-c1nc(Nc3cc(N4CCC(N5CCCC5)CC4)ccc3OC(F)(F)F)ncc1CC2
CHEMBL1272300,6.698970004,CN1CCC(Nc2ccc(OC(F)(F)F)c(Nc3ncc4c(n3)-c3c(c(C(N)=O)nn3C)CC4)c2)CC1
CHEMBL1276848,4.71219827,COc1cc(-c2cnc(N)c(N3CC[C@@H](C(=O)O)[C@@H](C)[C@H]3C)n2)cc(OC)c1OC
CHEMBL1277019,5.070581074,CCc1ccsc1-c1cnc(N)c(N2CCC(C(=O)O)CC2)n1
CHEMBL1288582,4.522878745,COc1ccc2cc(-c3n[nH]c4cccnc34)[nH]c2c1
CHEMBL1289926,5,CNC(=O)c1ccccc1Sc1ccc2c(/C=C/c3ccccn3)n[nH]c2c1
CHEMBL1290072,3.567030709,COc1ccc(CNc2ccnc3oc4ccccc4c23)cc1
CHEMBL1290746,4.823908741,Cc1ccc(C(=O)Nc2ccon2)cc1NC(=O)c1cnn(-c2ccccc2F)c1N
CHEMBL1614712,5,Nc1ncnc2c1c(-c1cccc(OCc3ccccc3)c1)cn2[C@H]1C[C@@H](CN2CCC2)C1
CHEMBL1614933,8.045757491,CN1CCC(Oc2ccc3ncn(-c4cc(OCc5ccccc5C(F)(F)F)c(C(N)=O)s4)c3c2)CC1
CHEMBL1615277,4.289882635,C[C@@H](Oc1cc(-n2cnc3cc(OC4CCN(C)CC4)ccc32)ccc1C(N)=O)c1ccccc1C(F)(F)F
CHEMBL1615278,8.698970004,C[C@@H](Oc1cc(-n2cnc3ccc(OC4CCN(C)CC4)cc32)sc1C(N)=O)c1ccccc1C(F)(F)F
CHEMBL1630107,4.920818754,O=C(/C=C/c1ccc(-c2ccc3ncnc(Nc4ccc(OCc5cccc(F)c5)c(Cl)c4)c3c2)o1)NO
CHEMBL1630108,5.568636236,O=C(/C=C/c1ccc(-c2ccc3ncnc(Nc4ccc(OCc5cccc(F)c5)c(Cl)c4)c3c2)s1)NO
CHEMBL1630109,5.167491087,O=C(/C=C/c1cccc(-c2ccc3ncnc(Nc4ccc(OCc5cccc(F)c5)c(Cl)c4)c3c2)c1)NO
CHEMBL1630110,5.040958608,O=C(/C=C/c1ccc(-c2ccc3ncnc(Nc4ccc(OCc5cccc(F)c5)c(Cl)c4)c3c2)cc1)NO
CHEMBL1630111,5.408935393,Nc1ccccc1NC(=O)c1ccc(-c2ccc3ncnc(Nc4ccc(OCc5cccc(F)c5)c(Cl)c4)c3c2)o1
CHEMBL1630112,5.251811973,Nc1ccccc1NC(=O)c1ccc(-c2ccc3ncnc(Nc4ccc(OCc5cccc(F)c5)c(Cl)c4)c3c2)s1
CHEMBL1630113,5.070581074,Nc1ccccc1NC(=O)/C=C/c1ccc(-c2ccc3ncnc(Nc4ccc(OCc5cccc(F)c5)c(Cl)c4)c3c2)o1
CHEMBL1630114,5.259637311,Nc1ccccc1NC(=O)/C=C/c1cccc(-c2ccc3ncnc(Nc4ccc(OCc5cccc(F)c5)c(Cl)c4)c3c2)c1
CHEMBL1630115,5.207608311,Nc1ccccc1NC(=O)/C=C/c1ccc(-c2ccc3ncnc(Nc4ccc(OCc5cccc(F)c5)c(Cl)c4)c3c2)cc1
CHEMBL1630116,4.568636236,Nc1ccccc1NC(=O)CCc1ccc(-c2ccc3ncnc(Nc4ccc(OCc5cccc(F)c5)c(Cl)c4)c3c2)cc1
CHEMBL1630117,5.698970004,O=C(NO)c1ccc(-c2ccc3ncnc(Nc4ccc(OCc5cccc(F)c5)c(Cl)c4)c3c2)o1
CHEMBL1630118,5.537602002,O=C(NO)c1ccc(-c2ccc3ncnc(Nc4ccc(OCc5cccc(F)c5)c(Cl)c4)c3c2)s1
CHEMBL1672002,5.661543506,CC1=CC(=O)C(C(C)C)=CC1=O
CHEMBL1684800,6.776244546,COc1ccc(Cn2ncc(NC(=O)c3cc(NC(=O)Nc4ccc(Cl)c(C(F)(F)F)c4)ccc3C)c2N)cc1
CHEMBL1689158,8.045757491,CC(Oc1cc(-n2cnc3ccc(OC4CCN(C)CC4)cc32)sc1C(N)=O)c1ccccc1C(F)(F)F
CHEMBL1689159,7.161150909,CN1CCC(Oc2ccc3ncn(-c4cc(OCc5ccccc5)c(C(N)=O)s4)c3c2)CC1
CHEMBL1689160,7.180456064,CC(Oc1cc(-n2cnc3ccc(OC4CCN(C)CC4)cc32)sc1C(N)=O)c1ccccc1
CHEMBL1689161,5.876148359,COc1cc(-n2cnc3ccc(OC4CCN(C)CC4)cc32)sc1C(N)=O
CHEMBL1689162,5.274905479,COc1cc(-n2cnc3ccccc32)sc1C(N)=O
CHEMBL1689163,8.045757491,CC(Oc1cc(-n2cnc3ccccc32)sc1C(N)=O)c1ccccc1C(F)(F)F
CHEMBL1689164,6.721246399,CC(Oc1cc(-n2cnc3ccc(OC4CCN(C)CC4)cc32)ccc1C(N)=O)c1ccccc1C(F)(F)F
CHEMBL1689165,4.056011125,CC(Oc1cc(-n2cnc3cc(OC4CCN(C)CC4)ccc32)ccc1C(N)=O)c1ccccc1C(F)(F)F
CHEMBL1689168,4.818156412,CC(Oc1cc(-n2cnc3cc(OCCCN(C)C)ccc32)ccc1C(N)=O)c1ccccc1C(F)(F)F
CHEMBL1738758,8.602059991,CN1CCN(c2ccc(OC(F)(F)F)c(Nc3ncc4c(n3)-c3c(c(C(N)=O)nn3CCO)CC4)c2)CC1
CHEMBL1774327,8.259637311,CN1CC=C(c2ccc(OC(F)(F)F)c(Nc3ncc4c(n3)-c3c(c(C(N)=O)nn3C)CC4)c2)CC1
CHEMBL1774328,8.22184875,CN1CCC(c2ccc(OC(F)(F)F)c(Nc3ncc4c(n3)-c3c(c(C(N)=O)cn3C)CC4)c2)CC1
CHEMBL1774329,7.37675071,CN(C)CCCN1CCC(c2ccc(OC(F)(F)F)c(Nc3ncc4c(n3)-c3c(c(C(N)=O)nn3C)CC4)c2)CC1
CHEMBL1774330,7.356547324,Cn1nc(C(N)=O)c2c1-c1nc(Nc3cc(NC(=O)[C@@H]4CCCN4)ccc3OC(F)(F)F)ncc1CC2
CHEMBL1774331,7.22184875,CCN(CC)CCN(C)c1ccc(OC(F)(F)F)c(Nc2ncc3c(n2)-c2c(c(C(N)=O)nn2C)CC3)c1
CHEMBL1774332,7.080921908,Cn1nc(C(N)=O)c2c1-c1nc(Nc3cc(NC4CCCN4)ccc3OC(F)(F)F)ncc1CC2
CHEMBL1774333,6.974694135,CN1CCN(CCCNc2ccc(OC(F)(F)F)c(Nc3ncc4c(n3)-c3c(c(C(N)=O)nn3C)CC4)c2)CC1
CHEMBL1774334,6.812479279,CN1CCN(c2ccc(OC(F)(F)F)c(Nc3ncc4c(n3)-c3c(c(C(N)=O)nn3C)CC4)c2)[C@@H](CO)C1
CHEMBL1774335,6.696803943,CN1CCN(c2ccc(OC(F)(F)F)c(Nc3ncc4c(n3)-c3c(c(C(N)=O)nn3C)CC4)c2)[C@H](CO)C1
CHEMBL1774336,6.649751982,CN1CCC(C(=O)Nc2ccc(OC(F)(F)F)c(Nc3ncc4c(n3)-c3c(c(C(N)=O)nn3C)CC4)c2)CC1
CHEMBL1774337,7.48148606,CN1CCN(c2ccc(OC(F)(F)F)c(Nc3ncc4c(n3)-c3c(c(C(N)=O)nn3CCN)CC4)c2)CC1
CHEMBL1774338,7.366531544,CN1CCN(c2ccc(OC(F)(F)F)c(Nc3ncc4c(n3)-c3c(c(C(N)=O)nn3CCOC3CCOCC3)CC4)c2)CC1
CHEMBL1774339,7.283996656,CN1CCN(c2ccc(OC(F)(F)F)c(Nc3ncc4c(n3)-c3c(c(C(N)=O)nn3CCCN)CC4)c2)CC1
CHEMBL1774340,6.554395797,CN(C)CCCn1nc(C(N)=O)c2c1-c1nc(Nc3cc(N4CCN(C)CC4)ccc3OC(F)(F)F)ncc1CC2
CHEMBL1793891,8.397940009,CN1CCN(c2ccc(OC(F)(F)F)c(Nc3ncc4c(n3)-c3[nH]nc(C(N)=O)c3CC4)c2)CC1
CHEMBL1793892,8.346787486,CN1CCN(c2ccc(OC(F)(F)F)c(Nc3ncc4c(n3)-c3c(c(C(N)=O)nn3CCF)CC4)c2)CC1
CHEMBL1793893,8.22184875,CCn1nc(C(N)=O)c2c1-c1nc(Nc3cc(N4CCN(C)CC4)ccc3OC(F)(F)F)ncc1CC2
CHEMBL1793894,7.823908741,COCCn1nc(C(N)=O)c2c1-c1nc(Nc3cc(N4CCN(C)CC4)ccc3OC(F)(F)F)ncc1CC2
CHEMBL1793895,8,CN1CCN(c2ccc(OC(F)(F)F)c(Nc3ncc4c(n3)-c3c(c(C(N)=O)nn3CCCl)CC4)c2)CC1
CHEMBL1793896,8.455931956,C=Cn1nc(C(N)=O)c2c1-c1nc(Nc3cc(N4CCN(C)CC4)ccc3OC(F)(F)F)ncc1CC2
CHEMBL1794067,9,C[C@@H](Oc1cc(-n2cnc3ccc(OC[C@@H](O)CO)cc32)sc1C(N)=O)c1ccccc1Cl
CHEMBL1794068,8.15490196,C[C@@H](Oc1cc(-n2cnc3ccc(OCC4CCN(C)CC4)cc32)sc1C(N)=O)c1ccccc1C(F)(F)F
CHEMBL1794069,8.22184875,C[C@@H](Oc1cc(-n2cnc3ccc(OCC4CCN(C)CC4)cc32)sc1C(N)=O)c1ccccc1Cl
CHEMBL1794070,8.698970004,C[C@@H](Oc1cc(-n2cnc3ccc(OC4CCN(C)CC4)cc32)sc1C(N)=O)c1ccccc1Cl
CHEMBL1802870,4.698970004,C#CC(=O)Nc1ccc2c(c1)/C(=C/c1[nH]c(CC)nc1C)C(=O)N2
CHEMBL1807300,5,CCc1cccc(CC)c1NC(=O)c1nn(C)c2c1CCc1cnc(Nc3ccc(C(=O)N4CCC[C@@H]4CN4CCCC4)cc3OC(F)(F)F)nc1-2
CHEMBL1807301,5,CCc1cccc(CC)c1NC(=O)c1nn(C)c2c1CCc1cnc(Nc3ccc(C(=O)N4CCC[C@H]4CN4CCCC4)cc3OC)nc1-2
CHEMBL1807302,5,CCc1cccc(CC)c1NC(=O)c1nn(C)c2c1CCc1cnc(Nc3ccc(C(=O)N4CCC[C@H]4CN4CCCC4)cc3OC(F)(F)F)nc1-2
CHEMBL1807303,5,CCc1cccc(CC)c1NC(=O)c1nn(C)c2c1CCc1cnc(Nc3ccc(C(=O)N4CCC(N(C)C)CC4)cc3OC)nc1-2
CHEMBL1807304,5,CCc1cccc(CC)c1NC(=O)c1nn(C)c2c1CCc1cnc(Nc3ccc(C(=O)N4CCC(N(C)C)CC4)cc3OC(F)(F)F)nc1-2
CHEMBL1807305,5,CCc1cccc(CC)c1NC(=O)c1nn(C)c2c1CCc1cnc(Nc3ccc(C(=O)N4CCCN(C)CC4)cc3OC)nc1-2
CHEMBL1807306,5,CCc1cccc(CC)c1NC(=O)c1nn(C)c2c1CCc1cnc(Nc3ccc(C(=O)N4CCCN(C)CC4)cc3OC(F)(F)F)nc1-2
CHEMBL1808334,5,CCc1cccc(CC)c1NC(=O)c1nn(C)c2c1CCc1cnc(Nc3ccccc3)nc1-2
CHEMBL1808335,5,Cn1nc(C(=O)NCCc2ccccc2)c2c1-c1nc(Nc3ccccc3)ncc1CC2
CHEMBL1808336,5,CCc1cccc(CC)c1NC(=O)c1nn(C)c2c1CCc1cnc(Nc3ccccc3OC)nc1-2
CHEMBL1808337,5,CCc1cccc(CC)c1NC(=O)c1nn(C)c2c1CCc1cnc(Nc3ccccc3OC(F)(F)F)nc1-2
CHEMBL1808338,5.517984424,CCc1cccc(CC)c1NC(=O)c1nn(C)c2c1CCc1cnc(Nc3ccc(C(N)=O)cc3OC)nc1-2
CHEMBL1808339,5,CCc1cccc(CC)c1NC(=O)c1nn(C)c2c1CCc1cnc(Nc3ccc(C(N)=O)cc3OC(F)(F)F)nc1-2
CHEMBL1808340,6.625251654,CCc1cccc(CC)c1NC(=O)c1nn(C)c2c1CCc1cnc(Nc3ccc(C(=O)NC4CCN(C)CC4)cc3OC)nc1-2
CHEMBL1808341,5.781989957,CCc1cccc(CC)c1NC(=O)c1nn(C)c2c1CCc1cnc(Nc3ccc(C(=O)NCCN(C)C)cc3OC)nc1-2
CHEMBL1808342,5,CCc1cccc(CC)c1NC(=O)c1nn(C)c2c1CCc1cnc(Nc3ccc(C(=O)NCCN(C)C)cc3OC(F)(F)F)nc1-2
CHEMBL1808343,5,CCc1cccc(CC)c1NC(=O)c1nn(C)c2c1CCc1cnc(Nc3ccc(C(=O)N4CCC[C@@H]4CN4CCCC4)cc3OC)nc1-2
CHEMBL188343,5.301029996,c1nc2c(NC3CCCCC3)nc(Nc3ccc(N4CCOCC4)cc3)nc2[nH]1
CHEMBL1908394,7,C[C@@H](Oc1cc(-n2cnc3ccc(CN4CCN(C)CC4)cc32)sc1C(N)=O)c1ccccc1C(F)(F)F
CHEMBL1922224,4,Cc1ccc(O)cc1CC[C@@H]1[C@@H](O)CC[C@@]2(C)[C@H]1CC[C@@H]2[C@H](C)/C=C/CC(C)C
CHEMBL1922225,4,C=C(CC[C@@H](C)[C@H]1CC[C@H]2[C@H](CCc3cc(O)ccc3C)C(=O)CC[C@@]21C)C(C)C
CHEMBL1929238,4.522878745,CN(C)CCN1CCN(C(=O)c2cc(C(C)(C)C)sc2NC(=O)Nc2cccc(Cl)c2Cl)CCC1=O
CHEMBL1933575,5,NC(=O)c1c[nH]c(-c2ccnc(N)n2)c1
CHEMBL1933576,7.823908741,CN1CCN(c2ccc(OC(F)(F)F)c(Nc3nccc(-c4cc(C(N)=O)cn4C)n3)c2)CC1
CHEMBL1933577,7.744727495,CN1CCN(c2ccc(OC(F)(F)F)c(Nc3nccc(-c4cc(C(N)=O)cn4CC(F)(F)F)n3)c2)CC1
CHEMBL1933578,7.744727495,Cn1cc(C(N)=O)cc1-c1ccnc(Nc2cc(N3CCNCC3)ccc2OC(F)(F)F)n1
CHEMBL1933579,6.821023053,CN1CCN(c2ccc(OC(F)(F)F)c(Nc3nccc(-c4cc(C(N)=O)cn4CCO)n3)c2)CC1
CHEMBL1933580,6.565431096,CN1CCN(c2ccc(OC(F)(F)F)c(Nc3nccc(-c4cc(C(N)=O)cn4CCOC4CCCCO4)n3)c2)CC1
CHEMBL1933581,5,Cn1cc(C(N)=O)cc1-c1ccnc(Nc2cc(N3CCN(C(=O)OC(C)(C)C)CC3)ccc2OC(F)(F)F)n1
CHEMBL1933582,8.045757491,CN1CCN(c2ccc(OC(F)(F)F)c(Nc3nccc(-c4cc5c(n4C)CCNC5=O)n3)c2)CC1
CHEMBL1933583,7.552841969,CN1CCN(c2ccc(OC(F)(F)F)c(Nc3nccc(-c4cc5c(n4CC(F)(F)F)CCNC5=O)n3)c2)CC1
CHEMBL1933584,6.991399828,CN1CCN(c2ccc(OC(F)(F)F)c(Nc3nccc(-c4cc5c(n4CCO)CCNC5=O)n3)c2)CC1
CHEMBL1933585,6.087777943,CN1CCN(c2ccc(OC(F)(F)F)c(Nc3nccc(-c4cc5c(n4C)CCN(C(=O)OC(C)(C)C)C5=O)n3)c2)CC1
CHEMBL1944642,7.408935393,CN(C)CCCc1cccc(Nc2ncc3c(n2)-c2ccc(Cl)cc2NC(=O)C3)c1
CHEMBL1944678,7.744727495,COc1ccc(Nc2ncc3c(n2)-c2ccc(C(F)(F)F)cc2NC(=O)C3)cc1OC
CHEMBL1944679,6.346787486,COc1ccc(Nc2ncc3c(n2)-c2ccccc2NC(=O)C3)cc1OC
CHEMBL1944680,6.698970004,COc1ccc(Nc2ncc3c(n2)-c2ccc(F)cc2NC(=O)C3)cc1OC
CHEMBL1944681,7.187086643,COc1ccc(Nc2ncc3c(n2)-c2ccc(C)cc2NC(=O)C3)cc1OC
CHEMBL1944682,7.080921908,COc1ccc(Nc2ncc3c(n2)-c2ccc(C#N)cc2NC(=O)C3)cc1OC
CHEMBL1944683,7.508638306,CCc1ccc2c(c1)NC(=O)Cc1cnc(Nc3ccc(OC)c(OC)c3)nc1-2
CHEMBL1944684,6.920818754,COc1cccc(Nc2ncc3c(n2)-c2ccc(Cl)cc2NC(=O)C3)c1
CHEMBL1944685,7.107905397,COc1ccc(Nc2ncc3c(n2)-c2ccc(Cl)cc2NC(=O)C3)cc1
CHEMBL1944686,7.48148606,COc1cc(Nc2ncc3c(n2)-c2ccc(Cl)cc2NC(=O)C3)cc(OC)c1
CHEMBL1944687,6.431798276,O=C1Cc2cnc(Nc3ccccc3)nc2-c2ccc(Cl)cc2N1
CHEMBL1944688,7.408935393,O=C1Cc2cnc(Nc3cccc(C(=O)O)c3)nc2-c2ccc(Cl)cc2N1
CHEMBL1945021,7.443697499,O=C1Cc2cnc(Nc3ccc(C(=O)O)cc3)nc2-c2ccc(Cl)cc2N1
CHEMBL1945022,6.920818754,O=C1Cc2cnc(Nc3ccc(I)cc3)nc2-c2ccc(Cl)cc2N1
CHEMBL1945023,6.468521083,NCCCc1ccc(Nc2ncc3c(n2)-c2ccc(Cl)cc2NC(=O)C3)cc1
CHEMBL1945024,6.585026652,CN1CCN(c2ccc(Nc3ncc4c(n3)-c3ccc(Cl)cc3NC(=O)C4)cc2)CC1
CHEMBL1945025,7.677780705,NC(=O)c1ccc(Nc2ncc3c(n2)-c2ccc(Cl)cc2NC(=O)C3)cc1
CHEMBL1945026,7.920818754,O=C1Cc2cnc(Nc3ccc(C(=O)NC4CCCC4)cc3)nc2-c2ccc(Cl)cc2N1
CHEMBL1945027,6.37675071,CCN(CC)S(=O)(=O)c1ccc(Nc2ncc3c(n2)-c2ccc(Cl)cc2NC(=O)C3)cc1
CHEMBL1945028,6.283996656,O=C1Cc2cnc(Nc3cccc(C(=O)NCCN4CCOCC4)c3)nc2-c2ccc(Cl)cc2N1
CHEMBL1945029,6.13667714,CN1CCN(Cc2cccc(Nc3ncc4c(n3)-c3ccc(Cl)cc3NC(=O)C4)c2)CC1
CHEMBL1945030,6.886056648,CN(C)CC1CC1c1cccc(Nc2ncc3c(n2)-c2ccc(Cl)cc2NC(=O)C3)c1
CHEMBL1945168,6.886056648,CN(C)CCOc1cccc(Nc2ncc3c(n2)-c2ccc(Cl)cc2NC(=O)C3)c1
CHEMBL1945169,6.537602002,O=C1Cc2cnc(Nc3cccc(N4CCOCC4)c3)nc2-c2ccc(Cl)cc2N1
CHEMBL1945170,8.301029996,CN(C)CCCc1cccc(Nc2ncc3c(n2)-c2ccc(Cl)cc2NC(=S)C3)c1
CHEMBL1945171,8.698970004,Cc1ccc(CCCN(C)C)cc1Nc1ncc2c(n1)-c1ccc(Cl)cc1NC(=S)C2
CHEMBL1945172,9,CN(C)CCCc1ccc(Cl)c(Nc2ncc3c(n2)-c2ccc(Cl)cc2NC(=S)C3)c1
CHEMBL1945173,8,COc1ccc(CCCN(C)C)cc1Nc1ncc2c(n1)-c1ccc(Cl)cc1NC(=S)C2
CHEMBL1945497,8.15490196,CN(C)CCCc1ccc(OC(F)(F)F)c(Nc2ncc3c(n2)-c2ccc(Cl)cc2NC(=S)C3)c1
CHEMBL1945498,8.397940009,CN(C)CCCc1ccc(C(F)(F)F)c(Nc2ncc3c(n2)-c2ccc(Cl)cc2NC(=S)C3)c1
CHEMBL1945499,8.096910013,CC(C)c1ccc(CCCN(C)C)cc1Nc1ncc2c(n1)-c1ccc(Cl)cc1NC(=S)C2
CHEMBL1945500,9,CN(C)CCCc1cc(Cl)cc(Nc2ncc3c(n2)-c2ccc(Cl)cc2NC(=S)C3)c1
CHEMBL1945501,8.698970004,CN(C)CCCc1cc(Nc2ncc3c(n2)-c2ccc(Cl)cc2NC(=S)C3)ccc1F
CHEMBL1945502,9,COc1ccc(Nc2ncc3c(n2)-c2ccc(Cl)cc2NC(=S)C3)cc1CCCN(C)C
CHEMBL1945559,5,Cn1c2c(c3ccc(Cl)c(Cl)c31)C(C#N)C1(CCNCC1)NC2=O
CHEMBL1945801,9,CN(C)CCCc1cc(Nc2ncc3c(n2)-c2ccc(Cl)cc2NC(=S)C3)ccc1C(F)(F)F
CHEMBL1945802,6.327902142,COc1c(CCCN(C)C)cccc1Nc1ncc2c(n1)-c1ccc(Cl)cc1NC(=S)C2
CHEMBL1945803,9,CN(C)CCCc1cncc(Nc2ncc3c(n2)-c2ccc(Cl)cc2NC(=S)C3)c1
CHEMBL1945804,8.698970004,Cc1ncc(CCCN(C)C)cc1Nc1ncc2c(n1)-c1ccc(Cl)cc1NC(=S)C2
CHEMBL1947148,7.508638306,COc1ccc(Nc2ncc3c(n2)-c2ccc(Cl)cc2NC(=O)C3)cc1OC
CHEMBL1947149,8,COc1ccc(Nc2ncc3c(n2)-c2ccc(I)cc2NC(=O)C3)cc1OC
CHEMBL1956071,5,CCn1c(-c2nonc2N)nc2cncc(C(=O)N3CC[C@H](N)C3)c21
CHEMBL1957190,4.455931956,CC(C)n1c2c(c3c1-c1ccccc1C3=O)C(=O)CCC2
CHEMBL1964261,8.397940009,C[C@@H](Oc1cc(-n2cnc3ccc(OCCCN(C)C)cc32)sc1C(N)=O)c1ccccc1Cl
CHEMBL1964262,8.522878745,C[C@@H](Oc1cc(-n2cnc3ccc(OC[C@H](O)CN4CCCC4)cc32)sc1C(N)=O)c1ccccc1Cl
CHEMBL1964263,8.522878745,C[C@@H](Oc1cc(-n2cnc3ccc(OC4CCNCC4)cc32)sc1C(N)=O)c1ccccc1C(F)(F)F
CHEMBL1964264,8.522878745,C[C@@H](Oc1cc(-n2cnc3ccc(O[C@H]4CCCN(C)CC4)cc32)sc1C(N)=O)c1ccccc1Cl
CHEMBL1964265,8.397940009,C[C@@H](Oc1cc(-n2cnc3ccc(O[C@@H]4CCCN(C)CC4)cc32)sc1C(N)=O)c1ccccc1Cl
CHEMBL1976040,6.455931956,C=CCn1c(=O)c2cnc(Nc3ccc(N4CCN(C)CC4)cc3)nc2n1-c1cccc(C(C)(C)O)n1
CHEMBL197923,4.769551079,O=C(NCCc1ccccc1)c1cc2c(-c3ccccc3)[nH]nc2s1
CHEMBL198022,4.698970004,Cc1n[nH]c2sc(C(N)=O)cc12
CHEMBL1983268,5,CN1CCN(c2ccc(C(=O)Nc3n[nH]c4ccc(Cc5cc(F)cc(F)c5)cc34)c(NC3CCOCC3)c2)CC1
CHEMBL199383,4.698970004,COc1ccc(CNC(=O)c2cc3c(-c4ccccc4)[nH]nc3s2)cc1
CHEMBL199528,4.698970004,CCCCN(C)C(=O)c1cc2c(-c3ccccc3)[nH]nc2s1
CHEMBL199657,4,Cc1n[nH]c2sc(C(N)=O)c(NC(=O)c3cccc(Cl)c3)c12
CHEMBL199658,4,Cc1n[nH]c2sc(C(N)=O)c(NC(=O)c3ccc(Cl)cc3)c12
CHEMBL199737,4.698970004,CC(=O)Nc1c(C(N)=O)sc2[nH]nc(C)c12
CHEMBL199755,4.920818754,O=C(NC1CCCCC1)c1cc2c(-c3ccccc3)[nH]nc2s1
CHEMBL199759,4,Cc1n[nH]c2sc(C(N)=O)c(NC(=O)COc3ccccc3)c12
CHEMBL199951,4.698970004,Cc1n[nH]c2sc(C(=O)NC3CCCCC3)cc12
CHEMBL199996,4.698970004,Cc1n[nH]c2sc(C(N)=O)c(NC(=O)Nc3ccccc3)c12
CHEMBL200348,4,COC(=O)c1cc2c(CN3CCCCC3)n[nH]c2s1
CHEMBL200586,4,COC(=O)c1cc2c(C)n[nH]c2s1
CHEMBL200657,4.698970004,CCCCN(C)C(=O)c1cc2c(C)n[nH]c2s1
CHEMBL200796,4.677780705,COC(=O)c1cc2c(Nc3ccccc3)[nH]nc2s1
CHEMBL201511,4,COc1cc(C2=C(c3c[nH]c4ccccc34)C(=O)NC2=O)cc(OC)c1OC
CHEMBL202721,5,COc1cc2c(Nc3ccc(NC(=O)c4ccccc4)cc3)ncnc2cc1OCCCN1CCOCC1
CHEMBL2036725,4.22184875,Cn1c(-c2ccnc(Nc3ccccc3)n2)nc2ccccc21
CHEMBL2036726,4,Cc1ccc(Nc2nccc(-c3nc4ccccc4n3C)n2)cc1
CHEMBL2036727,4,Cn1c(-c2ccnc(Nc3ccc(Cl)cc3)n2)nc2ccccc21
CHEMBL2036728,4,Cn1c(-c2ccnc(Nc3ccc(N4CCOCC4)cc3)n2)nc2ccccc21
CHEMBL2036865,5.22184875,Cn1c(-c2ccnc(Nc3ccc(O)c(Cl)c3)n2)nc2ccccc21
CHEMBL2036867,4,CCOc1ccc(Nc2nccc(-c3nc4ccccc4n3C)n2)cc1
CHEMBL2036868,4.823908741,COc1ccc(Nc2nccc(-c3nc4ccccc4n3C)n2)cc1
CHEMBL2036869,4.920818754,Cn1c(-c2ccnc(Nc3ccc(O)cc3)n2)nc2ccccc21
CHEMBL2036870,5.431798276,Cn1c(-c2ccnc(Nc3cccc(O)c3)n2)nc2ccccc21
CHEMBL2036871,4,Cn1c(=O)c2ccc(-c3nc4ccccc4n3C)nc2n(C)c1=O
CHEMBL2042029,5.408935393,CC(Oc1cc(-c2nc(-c3ccc(CN(C)C)cc3)cnc2N)ccc1C(N)=O)c1ccccc1C(F)(F)F
CHEMBL2042030,4.91721463,CC(Oc1cc(-c2nc(-c3cccc(CN(C)C)c3)cnc2N)ccc1C(N)=O)c1ccccc1C(F)(F)F
CHEMBL2042031,5.806875402,CC(Oc1cc(-c2cc(-c3ccc(CN(C)C)cc3)cnc2N)ccc1C(N)=O)c1ccccc1C(F)(F)F
CHEMBL2042032,5.482804102,CC(Oc1cc(-c2cc(-c3cccc(CN(C)C)c3)cnc2N)ccc1C(N)=O)c1ccccc1C(F)(F)F
CHEMBL2042035,6.301029996,CC(Oc1cc(-c2cc(-c3ccc(CN(C)C)s3)cnc2N)ccc1C(N)=O)c1ccccc1C(F)(F)F
CHEMBL2042040,5.879426069,CC(Oc1cc(-c2cc(-c3cc(CN(C)C)cs3)cnc2N)ccc1C(N)=O)c1ccccc1C(F)(F)F
CHEMBL2042041,5.075204004,CC(/C=C\C(F)(F)F)Oc1cc(-c2cc(-c3cc(CN(C)C)cs3)cnc2N)ccc1C(N)=O
CHEMBL2042042,4.301029996,C[C@@H](/C=C\C(F)(F)F)Oc1cc(-c2cc(-c3cc(CN(C)C)cs3)cnc2N)ccc1C(N)=O
CHEMBL2042135,5.235077015,C[C@H](/C=C\C(F)(F)F)Oc1cc(-c2cc(-c3cc(CN(C)C)cs3)cnc2N)ccc1C(N)=O
CHEMBL2042136,6.086186148,C[C@@H](Oc1cc(-c2cc(-c3cc(CN(C)C)cs3)cnc2N)ccc1C(N)=O)c1ccccc1C(F)(F)F
CHEMBL2046883,5,Cc1ccc(NC(=O)Nc2nnc(Sc3ncnc4cc(OCCCN5CCOCC5)ccc34)s2)cc1
CHEMBL2048912,5,CC(C)(N)C(=O)NCCn1ccc2ncnc(Nc3ccc(Oc4cccc5sncc45)c(Cl)c3)c21
CHEMBL2148053,5,CC(C)(C(=O)NCCn1ccc2ncnc(Nc3ccc(Oc4cccc(Cl)c4)c(Cl)c3)c21)S(C)(=O)=O.Cc1ccc(S(=O)(=O)O)cc1
CHEMBL2178352,5,CN1CCN(c2ccc(Nc3ncc4nc(Nc5ccccc5)n(C5CCCC5)c4n3)cc2)CC1
CHEMBL219711,6.199998172,COc1cc2ncn(-c3cc(OCc4ccc(S(C)(=O)=O)cc4)c(C#N)s3)c2cc1OC
CHEMBL219899,6.997833938,COc1cc2ncn(-c3cc(OCc4ccc(S(C)(=O)=O)cc4)c(C(N)=O)s3)c2cc1OC
CHEMBL220032,6.599997654,COc1cc2ncn(-c3cc(OCC4CCCO4)c(C(N)=O)s3)c2cc1OC
CHEMBL220241,5,CCn1c(-c2nonc2N)nc2cnc(Oc3cccc(NC(=O)c4ccc(OCCN5CCOCC5)cc4)c3)cc21
CHEMBL2207839,6.187086643,CC(=O)N1CCC[C@H]1C(=O)N[C@@H](CC(C)C)C(=O)N[C@@H](CCCCNC(=O)CCCCCc1ccccc1)C(=O)N[C@@H](CO)C(=O)N[C@H](C(N)=O)[C@@H](C)OP(=O)(O)O
CHEMBL2207840,6.769551079,CC(=O)N1CCC[C@H]1C(=O)N[C@@H](CC(C)C)C(=O)N[C@@H](CCCNC(=O)CCCCCCCc1ccccc1)C(=O)N[C@@H](CO)C(=O)N[C@H](C(N)=O)[C@@H](C)OP(=O)(O)O
CHEMBL2207841,6.853871964,CC(=O)N1CCC[C@H]1C(=O)N[C@@H](CC(C)C)C(=O)N[C@@H](CCC(=O)NCCCCCCCc1ccccc1)C(=O)N[C@@H](CO)C(=O)N[C@H](C(N)=O)[C@@H](C)OP(=O)(O)O
CHEMBL2207842,5.958607315,CC(=O)N1CCC[C@H]1C(=O)N[C@@H](CC(C)C)C(=O)N[C@@H](CC(=O)NCCCCCCCCc1ccccc1)C(=O)N[C@@H](CO)C(=O)N[C@H](C(N)=O)[C@@H](C)OP(=O)(O)O
CHEMBL2207843,5.031517051,CC(=O)N1CCC[C@H]1C(=O)N[C@@H](CC(C)C)C(=O)N[C@@H](Cc1cn(CCCCCCCCc2ccccc2)c2ccccc12)C(=O)N[C@@H](CO)C(=O)N[C@H](C(N)=O)[C@@H](C)OP(=O)(O)O
CHEMBL2207844,6.494850022,CC(=O)N1CCC[C@H]1C(=O)N[C@@H](CC(C)C)C(=O)N[C@@H](Cc1cn(CCCCCCCCc2ccccc2)cn1)C(=O)N[C@@H](CO)C(=O)N[C@H](C(N)=O)[C@@H](C)OP(=O)(O)O
CHEMBL2207845,7.602059991,CC(=O)N1CCC[C@H]1C(=O)N[C@@H](CC(C)C)C(=O)N[C@@H](Cc1cncn1CCCCCCCCc1ccccc1)C(=O)N[C@@H](CO)C(=O)N[C@H](C(N)=O)[C@@H](C)OP(=O)(O)O
CHEMBL2207846,6.207608311,CC(=O)N1CCC[C@H]1C(=O)N[C@@H](CC(C)C)C(=O)N[C@@H](Cc1cnc[nH]1)C(=O)N[C@@H](CO)C(=O)N[C@H](C(N)=O)[C@@H](C)OP(=O)(O)O
CHEMBL222312,6.199998172,COc1cc2ncn(-c3cc(OCc4ccccc4)c(C(=O)O)s3)c2cc1OC
CHEMBL222419,9.096910013,COc1cc2ncn(-c3cc(O[C@H](C)c4ccccc4Cl)c(C(N)=O)s3)c2cc1OC
CHEMBL2323729,4.729321164,CC(=O)N1CCC[C@H]1C(=O)N[C@@H](CC(C)C)C(=O)N[C@@H](Cc1cnc[nH]1)C(=O)N[C@@H](CO)C(=O)N[C@H](C(=O)O)[C@@H](C)OP(=O)(O)O
CHEMBL2324036,3.821023053,Cc1cc(-c2ccc(C#N)cc2)c(OCCO)c(-c2ccc(-c3nnn[nH]3)cc2)c1
CHEMBL232601,5,N#Cc1c(NC(=O)c2cccc3ccccc23)sc2c1CCCN2C(=O)C1CC1
CHEMBL233001,5,N#Cc1c(NC(=O)c2cccc3ccccc23)sc2c1CCCC2
CHEMBL2332840,5,O=C(Nc1ccc(Oc2ncnc3[nH]ncc23)cc1)Nc1ccc(Cl)c(C(F)(F)F)c1
CHEMBL2333163,5.193820026,O=C(NCCc1ccc(O)c(Br)c1)/C(Cc1cc(Br)c(O)c(Oc2ccc(CCNC(=O)/C(Cc3cc(Br)c(O)c(-c4cc(C/C(=N\O)C(=O)NCCc5ccc(O)c(Br)c5)cc(Br)c4O)c3)=N/O)cc2Br)c1)=N/O
CHEMBL2348417,5,O=C(NCCO)C1=Cc2c(ncnc2Nc2ccc(Oc3cccc4sccc34)c(Cl)c2)NCC1
CHEMBL2380586,5.301029996,Cn1cc(-c2cc3[nH]nc(-c4cccc(S(N)(=O)=O)c4)c3cc2NC2CCCCC2)cn1
CHEMBL2380587,5.301029996,CC(=O)Nc1cccc(-c2n[nH]c3cc(-c4cnn(C)c4)c(NC4CCCCC4)cc23)c1
CHEMBL2380650,6.920818754,CC[C@H](C)[C@H](NC(=O)[C@H](C)NC(=O)[C@@H](NC(=O)[C@H](CO)NC(=O)[C@H](Cc1cnc[nH]1)NC(=O)[C@H](CC(C)C)NC(=O)[C@@H]1CCCN1C(=O)[C@@H]1CCCN1C(=O)[C@H](CC(=O)O)NC(=O)[C@H](Cc1ccccc1)NC(=O)[C@@H](NC(=O)[C@H](CCC(=O)O)NC(C)=O)[C@@H](C)O)[C@@H](C)O)C(=O)N[C@@H](Cc1ccc(O)cc1)C(N)=O
CHEMBL2380651,5.32330639,CC(C)C[C@@H]1NC(=O)CN(CCC(=O)NCCc2c[nH]c3ccccc23)C(=O)CSC[C@H](C(N)=O)NC(=O)[C@H]([C@@H](C)OP(=O)(O)O)NC(=O)[C@H](CO)NC(=O)[C@H](Cc2c[nH]cn2)NC1=O
CHEMBL2380653,5.070581074,CC(C)C[C@@H]1NC(=O)CN(CCc2c[nH]c3ccccc23)C(=O)CSC[C@H](C(N)=O)NC(=O)[C@H]([C@@H](C)OP(=O)(O)O)NC(=O)[C@H](CO)NC(=O)[C@H](Cc2c[nH]cn2)NC1=O
CHEMBL2380660,5.591760035,CC(=O)n1cc(CCNC(=O)CCCCCN2CC(=O)N[C@@H](CC(C)C)C(=O)N[C@@H](Cc3c[nH]cn3)C(=O)N[C@@H](CO)C(=O)N[C@@H]([C@@H](C)OP(=O)(O)O)C(=O)N[C@@H](C(N)=O)CSCC2=O)c2ccccc21
CHEMBL2380764,5.966576245,CC(=O)n1cc(CCNC(=O)CCCCCN2CC(=O)N[C@@H](CC(C)C)C(=O)N[C@@H](Cc3cncn3CCCCCCCCc3ccccc3)C(=O)N[C@@H](CO)C(=O)N[C@@H]([C@@H](C)OP(=O)(O)O)C(=O)N[C@@H](C(N)=O)CSCC2=O)c2ccccc21
CHEMBL2380765,5.008773924,CC(C)C[C@@H]1NC(=O)[C@@H]2CCCN2C(=O)CSC[C@@H](C(=O)O)NC(=O)[C@H]([C@@H](C)OP(=O)(O)O)NC(=O)[C@H](CO)NC(=O)[C@H](Cc2cnc[nH]2)NC1=O
CHEMBL2392543,6.769551079,C=C[C@]1(F)CN(C2CCCC2)c2nc(Nc3ccc(C(=O)NC4CCN(C)CC4)cc3OC)ncc2N(C)C1=O
CHEMBL2392544,8.522878745,C=C[C@@]1(F)CN(C2CCCC2)c2nc(Nc3ccc(C(=O)NN4CCN(C)CC4)cc3OC)ncc2N(C)C1=O
CHEMBL2392546,7.091514981,COc1cc(C(=O)NC2CCN(C)CC2)cc(F)c1Nc1ncc2c(n1)N(C1CCCC1)CC(F)(F)C(=O)N2C
CHEMBL2392547,7.585026652,COc1c(Nc2ncc3c(n2)N(C2CCCC2)CC(F)(F)C(=O)N3C)ccc(C(=O)NC2CCN(C)CC2)c1F
CHEMBL2392548,9,CN1CCC(NC(=O)c2ccc(Nc3ncc4c(n3)N(C3CCCC3)CC(F)(F)C(=O)N4C)cc2)CC1
CHEMBL2392549,9,COc1cc(C(=O)NC2CCN(C)CC2)c(Cl)cc1Nc1ncc2c(n1)N(C1CCCC1)CC(F)(F)C(=O)N2C
CHEMBL2392550,7.823908741,COc1cc(Nc2ncc3c(n2)N(C2CCCC2)CC(F)(F)C(=O)N3C)ccc1C(=O)NC1CCN(C)CC1
CHEMBL2392551,6.721246399,Cc1cc(Nc2ncc3c(n2)N(C2CCCC2)CC(F)(F)C(=O)N3C)ccc1C(=O)NC1CCN(C)CC1
CHEMBL2392552,7.920818754,COc1cc(C(=O)NC2CCN(C)CC2)ccc1Nc1ncc2c(n1)N(C1CCCC1)CCC(=O)N2C
CHEMBL2392553,8.397940009,COc1cc(C(=O)NC2CCN(C)CC2)ccc1Nc1ncc2c(n1)N(C1CCCC1)CC(F)(F)C(=O)N2C
CHEMBL2392554,8.698970004,CC[C@@]1(F)CN(C2CCCC2)c2nc(Nc3ccc(C(=O)NC4CCN(C)CC4)cc3OC)ncc2N(C)C1=O
CHEMBL2392555,7,CC[C@]1(F)CN(C2CCCC2)c2nc(Nc3ccc(C(=O)NC4CCN(C)CC4)cc3OC)ncc2N(C)C1=O
CHEMBL2392556,9,C=CC[C@H]1CN(C2CCCC2)c2nc(Nc3ccc(C(=O)NC4CCN(C)CC4)cc3OC)ncc2N(C)C1=O
CHEMBL2392557,7.15490196,C=CC[C@@H]1CN(C2CCCC2)c2nc(Nc3ccc(C(=O)NC4CCN(C)CC4)cc3OC)ncc2N(C)C1=O
CHEMBL2392558,8.301029996,C=C[C@@]1(F)CN(C2CCCC2)c2nc(Nc3ccc(C(=O)NC4CCN(C)CC4)cc3OC)ncc2N(C)C1=O
CHEMBL2401956,5.899629455,CC[C@@H]1C(=O)N(C)c2cnc(-c3cn[nH]c3-c3ccc(F)cc3F)nc2N1c1cnn(C)c1
CHEMBL2401957,5.739928612,CCC1C(=O)N(C)c2cnc(-c3cn[nH]c3-c3ccccn3)nc2N1c1cnn(C)c1
CHEMBL2401958,5.458420756,CN1C(=O)C(CC(F)(F)F)N(CCC(F)(F)F)c2nc(-n3ccnc3-c3ccc(F)cc3)ncc21
CHEMBL2401959,5.145086978,CCC1(C)C(=O)N(C)c2cnc(-n3ccnc3-c3ccc(F)cc3)nc2N1CCC(F)(F)F
CHEMBL2401960,4.596879479,CC(C)N1c2nc(-n3ccnc3-c3ccc(F)cc3)ncc2N(C)C(=O)C12CCC2
CHEMBL2401961,4,CC(C)N1c2nc(-n3ccnc3-c3ccc(F)cc3)ncc2N(C)C(=O)C1(C)C
CHEMBL2401963,8.096910013,CC[C@@H]1C(=O)N(C)c2cnc(-n3ccnc3-c3ccccc3)nc2N1C1CCCC1
CHEMBL2401964,6.113509275,CC[C@@H]1C(=O)N(C)c2cnc(-c3cn[nH]c3-c3nccs3)nc2N1C(C)C
CHEMBL2401965,6.060480747,CC[C@@H]1C(=O)N(C)c2cnc(-n3ccnc3-c3ccccc3)nc2N1C(C)C
CHEMBL2401966,6.602059991,CC[C@@H]1C(=O)N(C)c2cnc(-n3ccnc3-c3ccccc3)nc2N1CCC(F)(F)F
CHEMBL2401967,5.449771647,CC[C@@H]1C(=O)N(C)c2cnc(-n3ccnc3-c3ccc(F)cc3)nc2N1CCC(F)(F)F
CHEMBL2401968,6.494850022,CCC1C(=O)N(C)c2cnc(-n3ccnc3-c3ccc(F)cc3)nc2N1C1CCC(F)(F)C1
CHEMBL2401969,5.027334408,CC[C@@H]1C(=O)N(C)c2cnc(-n3ccnc3-c3ccc(F)cc3)nc2N1C1CC(F)(F)C1
CHEMBL2401970,4.301029996,CC[C@@H]1C(=O)N(C)c2cnc(-n3ccnc3-c3ccc(F)cc3)nc2N1C1COC1
CHEMBL2401971,6.420216403,CC[C@@H]1C(=O)N(C)c2cnc(-n3ccnc3-c3ccccc3)nc2N1[C@H]1CCOC1
CHEMBL2401972,6.318758763,CC[C@@H]1C(=O)N(C)c2cnc(-n3ccnc3-c3ccccc3)nc2N1[C@@H]1CCOC1
CHEMBL2401973,5.123205024,CC[C@@H]1C(=O)N(C)c2cnc(-n3ccnc3-c3ccc(F)cc3)nc2N1[C@H]1CCOC1
CHEMBL2401974,5.548213564,CCC1C(=O)N(C)c2cnc(-n3ccnc3-c3ccccc3)nc2N1c1ccccc1
CHEMBL2401975,5.630784143,CCC1C(=O)N(C)c2cnc(-n3ccnc3-c3ccc(F)cc3)nc2N1c1ccc(F)cc1
CHEMBL2402076,5.424812155,CCC1C(=O)N(C)c2cnc(-n3ccnc3-c3ccc(F)cc3)nc2N1c1ccc(C#N)cc1
CHEMBL2402077,5.110138279,CC[C@@H]1C(=O)N(C)c2cnc(-n3ccnc3-c3ccccc3)nc2N1c1cncnc1
CHEMBL2402078,5.061980903,CC[C@@H]1C(=O)N(C)c2cnc(-n3ccnc3-c3ccc(F)cc3)nc2N1c1cn[nH]c1
CHEMBL2402079,5.465973894,CCC1C(=O)N(C)c2cnc(-n3ccnc3-c3ccc(F)cc3)nc2N1c1cc[nH]n1
CHEMBL2402080,5.482804102,CC[C@@H]1C(=O)N(C)c2cnc(-n3ccnc3-c3ccc(F)cc3)nc2N1c1cnn(C)c1
CHEMBL2402081,5.869666232,CC[C@@H]1C(=O)N(C)c2cnc(-n3ccnc3-c3ccc(F)cc3)nc2N1c1ccn(C)n1
CHEMBL2402082,4.540607512,CC[C@@H]1C(=O)N(C)c2cnc(-n3ccnc3-c3ccc(F)cc3)nc2N1c1ccnn1C
CHEMBL2402083,6.602059991,CC[C@@H]1C(=O)N(C)c2cnc(-c3cn[nH]c3-c3nccs3)nc2N1C1CCOCC1
CHEMBL2402084,5.850780887,CC[C@@H]1C(=O)N(C)c2cnc(-c3cn[nH]c3-c3nccs3)nc2N1[C@H]1CCOC1
CHEMBL2402085,5.518557371,CC[C@@H]1C(=O)N(C)c2cnc(-c3cn[nH]c3-c3nccs3)nc2N1c1cn[nH]c1
CHEMBL2402086,5.739928612,CCC1C(=O)N(C)c2cnc(-c3cn[nH]c3-c3nccs3)nc2N1c1cnn(C)c1
CHEMBL2407744,5,O=C1Nc2ccccc2/C1=C\c1ccc2c(/C=C/c3ccc(C(=O)O)cc3)n[nH]c2c1
CHEMBL2407745,5,O=C1Nc2ccccc2/C1=C\c1ccc2c(/C=C/c3ccccn3)n[nH]c2c1
CHEMBL2407746,5,O=C1Nc2ccccc2/C1=C\c1ccc2c(/C=C/c3cccnc3)n[nH]c2c1
CHEMBL2407747,5,CCc1ccc2c(c1)/C(=C\c1ccc3c(/C=C/c4cccnc4)n[nH]c3c1)C(=O)N2
CHEMBL2407748,5,COc1ccc2c(c1)/C(=C\c1ccc3c(/C=C/c4cccnc4)n[nH]c3c1)C(=O)N2
CHEMBL2407749,4,O=C1Nc2ccccc2/C1=C\c1ccc2c(/C=C/c3ccncc3)n[nH]c2c1
CHEMBL2407750,5,O=C1Nc2ccc(Cl)cc2/C1=C\c1ccc2c(/C=C/c3ccncc3)n[nH]c2c1
CHEMBL2407893,5,Cc1ccc2c(c1)/C(=C\c1ccc3c(/C=C/c4ccncc4)n[nH]c3c1)C(=O)N2
CHEMBL2407894,5,COc1ccc2c(c1)/C(=C\c1ccc3c(/C=C/c4ccncc4)n[nH]c3c1)C(=O)N2
CHEMBL2407895,5,O=C1Nc2ccc(O)cc2/C1=C\c1ccc2c(/C=C/c3ccncc3)n[nH]c2c1
CHEMBL2407896,5,O=C1Nc2ccccc2/C1=C\c1ccc2c(/C=C/c3ccccc3)n[nH]c2c1
CHEMBL2407897,5,CN(C)Cc1ccc(/C=C/c2n[nH]c3cc(/C=C4/C(=O)Nc5ccccc54)ccc23)cc1
CHEMBL2407898,5,COc1ccc2c(c1)/C(=C\c1ccc3c(/C=C/c4ccc(CN(C)C)cc4)n[nH]c3c1)C(=O)N2
CHEMBL2407899,5,CN1CCN(c2ccc(/C=C/c3n[nH]c4cc(/C=C5/C(=O)Nc6ccccc65)ccc34)cn2)CC1
CHEMBL2407900,5,COc1ccc2c(c1)/C(=C\c1ccc3c(/C=C/c4ccc(N5CCN(C)CC5)nc4)n[nH]c3c1)C(=O)N2
CHEMBL2407903,5.443697499,COc1cc(/C=C2\C(=O)Nc3ccc(Br)cc32)cc(Cl)c1O
CHEMBL2407904,5,COc1cc(/C=C2\C(=O)N(C)c3ccc(Br)cc32)cc(Cl)c1O
CHEMBL2407905,5,COc1cc(/C=C2\C(=O)Nc3ccc(Br)cc32)cc(Br)c1OC
CHEMBL2407906,4.602059991,O=C1Nc2ccccc2/C1=C/c1cccc(O)c1
CHEMBL2407907,4.537602002,O=C1Nc2ccccc2/C1=C/c1ccccc1O
CHEMBL2407908,5,O=C1Nc2ccc(Br)cc2/C1=C/c1ccc(O)c(O)c1
CHEMBL2407909,4.537602002,O=C1Nc2ccccc2/C1=C\c1ccc2nn[nH]c2c1
CHEMBL2407910,4.698970004,O=C1Nc2ccccc2/C1=C/c1ccc2[nH]ncc2c1
CHEMBL2407911,4.619788758,O=C1Nc2ccccc2/C1=C\c1ccc2cn[nH]c2c1
CHEMBL2407912,4.823908741,O=C1Nc2ccc(F)cc2/C1=C\c1ccc2cn[nH]c2c1
CHEMBL2407913,4.823908741,O=C1Nc2ccc(F)cc2/C1=C/c1ccc2cn[nH]c2c1
CHEMBL2407914,5,O=C1Nc2ccc(Cl)cc2/C1=C\c1ccc2cn[nH]c2c1
CHEMBL2407915,4.585026652,O=C1Nc2cc(Cl)ccc2/C1=C\c1ccc2cn[nH]c2c1
CHEMBL2407916,5,COc1ccc2c(c1)/C(=C\c1ccc3cn[nH]c3c1)C(=O)N2
CHEMBL2407917,4.30980392,CNC(=O)c1ccc2c(c1)/C(=C\c1ccc3cn[nH]c3c1)C(=O)N2
CHEMBL2407918,5,CC(=O)Nc1ccc2c(c1)/C(=C\c1ccc3cn[nH]c3c1)C(=O)N2
CHEMBL2407919,5,CC(=O)Nc1ccc2c(c1)NC(=O)/C2=C/c1ccc2cn[nH]c2c1
CHEMBL241517,5,Nc1ncc(-c2cccc(S(N)(=O)=O)c2)c2scc(-c3ccc(F)c(Cl)c3)c12
CHEMBL241682,5,Nc1ncc(-c2cccc(S(N)(=O)=O)c2)c2occ(-c3ccc(NC(=O)Nc4cc(C(F)(F)F)ccc4F)cc3)c12
CHEMBL242237,6.13667714,NC(=O)c1ccccc1Nc1ccnc(Nc2cccc(O)c2)n1
CHEMBL259084,4.27572413,O=C(O)c1ccc(Nc2ncc3c(n2)-c2ccc(Cl)cc2C(c2c(F)cccc2F)=NC3)cc1
CHEMBL259380,4,Nc1nc(N)c2c(n1)NCCC(c1ccccc1)=N2
CHEMBL259381,4,Nc1nc(N)c2c(n1)NCCC(c1cccc(Cl)c1)=N2
CHEMBL260620,4,Nc1nc(N)c2c(n1)NCCC(c1ccc(Cl)cc1)=N2
CHEMBL261849,4.619788758,COc1ccc(COc2ccc(Cc3cnc(N)nc3N)cc2OC)cc1
CHEMBL262623,4,Nc1ncnc2c1N=C(c1ccccc1)CCN2
CHEMBL263902,4.301029996,Cc1cccc(C2=Nc3c(N)ncnc3NCC2)c1
CHEMBL28626,4.899629455,O=c1c(O)c(-c2ccc(O)cc2O)oc2cc(O)cc(O)c12
CHEMBL296586,4,O=C1Cc2c([nH]c3ccc(Br)cc23)-c2ccccc2N1
CHEMBL3104851,5.49757288,Cc1c(O)c(O)c2c(c1C=O)[C@@H]1O[C@H](O2)c2c(C)c(O)c(O)c(O)c2C1=O
CHEMBL3104852,4.522878745,COC1OC(=O)c2c(O)c(O)c(O)c(C)c21
CHEMBL3104853,4.522878745,COCc1c(C)c(O)c(O)c(O)c1C=O
CHEMBL3104854,4.928117993,Cc1c(O)c(O)c(O)c2c1COC2=O
CHEMBL3104855,5.199970641,Cc1c(O)c(O)c(O)c(C=O)c1-c1cc2c(C=O)c(C)c(O)c(O)c2o1
CHEMBL3109401,4,CC1=CCC[C@@H]2[C@@]1(C)CC[C@H](C)[C@@]2(C)CC1=C(O)C(=O)C=C(NCCC(C)C)C1=O
CHEMBL3109402,4,COc1cc2nc(C)oc2c(C[C@]2(C)[C@@H](C)CC[C@@]3(C)C(C)=CCC[C@H]32)c1O
CHEMBL3109404,4.663540266,COC(=O)c1cc(O)c(O)c(C[C@]2(C)[C@@H](C)CC[C@@]3(C)C(C)=CCC[C@H]32)c1
CHEMBL3109933,4,CN(C)C(=O)c1ccc(Nc2cc3c(cn2)cc(-c2cnn(C)c2)n3C(=O)OC(C)(C)C)c(Cl)c1
CHEMBL313578,4.602059991,O=C1Nc2ccccc2/C1=C/c1ccc(O)cc1
CHEMBL3217993,4,Nc1ccccc1NC(=O)c1ccc(COc2ccc3ncnc(Nc4cccc(Br)c4)c3c2)cc1
CHEMBL3218000,4,C#Cc1cccc(Nc2ncnc3ccc(OCc4ccc(C(=O)Nc5ccccc5N)cc4)cc23)c1
CHEMBL3218001,4.568636236,C#Cc1cccc(Nc2ncnc3ccc(S(=O)(=O)n4ccc(/C=C/C(=O)Nc5ccccc5N)c4)cc23)c1
CHEMBL3218002,4,C#Cc1cccc(Nc2ncnc3ccc(S(=O)(=O)n4ccc(/C=C/C(=O)NO)c4)cc23)c1
CHEMBL3260236,6.721246399,O=C(/C=C/c1ccccc1[N+](=O)[O-])NNC(=O)c1ccc2c(c1)OCCO2
CHEMBL3260241,7.522878745,COc1cccc(/C=C/C(=O)NNC(=O)c2ccc3c(c2)OCCO3)c1
CHEMBL3260242,5.809668302,O=C(/C=C/c1cccc([N+](=O)[O-])c1)NNC(=O)c1ccc2c(c1)OCCO2
CHEMBL3260243,6.229147988,O=C(/C=C/c1ccc(F)cc1)NNC(=O)c1ccc2c(c1)OCCO2
CHEMBL3260244,5.809668302,O=C(/C=C/c1ccc(Cl)cc1)NNC(=O)c1ccc2c(c1)OCCO2
CHEMBL3260246,5.978810701,Cc1ccc(/C=C/C(=O)NNC(=O)c2ccc3c(c2)OCCO3)cc1
CHEMBL3260247,6.721246399,COc1ccc(/C=C/C(=O)NNC(=O)c2ccc3c(c2)OCCO3)cc1
CHEMBL3260248,6.920818754,O=C(/C=C/c1ccc([N+](=O)[O-])cc1)NNC(=O)c1ccc2c(c1)OCCO2
CHEMBL3260249,7.045757491,O=C(/C=C/c1ccccc1)NNC(=O)c1ccc2c(c1)OCCO2
CHEMBL3260250,5.63638802,Cc1ccccc1C(=O)O/N=C/C1=CC(=O)C(C(C)C)=CC1=O
CHEMBL3297762,5,CN1CCN(C[C@@H](NC(=O)C[C@H]2CNC(=O)c3cc(-c4cccc(Cl)c4)cn32)C2CCCCC2)CC1
CHEMBL3298400,5,CC(C)(C)CNC(=O)CC1CNC(=O)c2cc(-c3ccsc3)cn21
CHEMBL3309990,5,Nc1nc2c3c(F)cccc3nc(Cc3ccc4c(c3)OCO4)n2n1
CHEMBL3309995,5,Nc1ccc2c(c1)nc(Cc1ccc3c(c1)OCO3)n1nc(N)nc21
CHEMBL3309997,5,OCCCNc1ccc2c(c1)nc(-c1ccc3c(c1)OCO3)n1ncnc21
CHEMBL3309998,5,Nc1nc2c3ccc(NCCO)cc3nc(Cc3ccc4c(c3)OCO4)n2n1
CHEMBL3310151,5,CN1CCN(c2cc(F)c3c(c2)nc(Cc2ccc4c(c2)OCO4)n2nc(N)nc32)CC1
CHEMBL3330410,4.301029996,NS(=O)(=O)c1cccc(-c2n[nH]c3ccc(NC(=O)C(c4ccsc4)N4CCCC4)cc23)c1
CHEMBL3344193,8.522878745,COc1cc(CNCc2ccncc2)ccc1OCc1ccc(Cl)cc1
CHEMBL3353340,4,O=C1Nc2ccccc2[C@]12C[C@H]2c1ccc2c(/C=C/c3ccncc3)n[nH]c2c1
CHEMBL3353347,4,CN(C)Cc1ccc(/C=C/c2n[nH]c3cc([C@@H]4C[C@@]45C(=O)Nc4ccccc45)ccc23)cc1
CHEMBL3358966,4,COc1cc(-c2nc(-c3c[nH]c4ccccc34)c[nH]c2=O)cc(OC)c1OC
CHEMBL3361128,4,O=C1/C(=C\c2ccc(O)c(O)c2)Oc2ccccc21
CHEMBL3394757,5.739928612,O=C(CCc1cn(CC(O)CN2CCCCC2)c2ccccc12)c1ccccc1
CHEMBL3394758,5.718966633,CCN(CC)CC(O)Cn1cc(C(=O)O)c2ccccc21
CHEMBL3394759,5.677780705,O=C(O)c1cn(CC(O)CN2CCCCC2)c2ccccc12
CHEMBL3394760,5.315154638,O=C(O)c1cn(CC(O)CN2CCCC2)c2ccccc12
CHEMBL3394761,5.459670525,CN1CCN(CC(O)Cn2cc(C(=O)O)c3ccccc32)CC1
CHEMBL3394762,5.578396073,CCN(CC)CC(O)Cn1cc(CC(=O)O)c2ccccc21
CHEMBL3394763,6.387216143,O=C(O)Cc1cn(CC(O)CN2CCCCC2)c2ccccc12
CHEMBL3394764,6.886056648,O=C(O)Cc1cn(CC(O)CN2CCCC2)c2ccccc12
CHEMBL3394765,5.725842151,CN1CCN(CC(O)Cn2cc(CC(=O)O)c3ccccc32)CC1
CHEMBL3394766,6.017728767,O=C(O)Cc1cn(CC(O)CN2CCOCC2)c2ccccc12
CHEMBL3394767,5.243363892,O=C(O)CCc1cn(CC(O)CN2CCCCC2)c2ccccc12
CHEMBL3394768,5.537602002,O=C(O)CCc1cn(CC(O)CN2CCCC2)c2ccccc12
CHEMBL3609304,7.266802735,COc1cc(C(=O)NC2CCN(C)CC2)ccc1Nc1ncc2c(n1)N(C1CCCC1)CC(=O)N2C
CHEMBL3609305,7.488116639,CC[C@H]1C(=O)N(C)c2cnc(Nc3ccc(C(=O)NC4CCN(C)CC4)cc3OC)nc2N1C1CCCC1
CHEMBL3623375,5,CN(C)CCCNC(=O)c1csc2nc(-c3ccc(NC(=O)Nc4cc(C(C)(C)C)on4)cc3)cn12
CHEMBL3651966,5,C[C@@H]1C[C@H](N)C[C@H](c2ccncc2NC(=O)c2ccc(F)c(-c3c(F)cccc3F)n2)C1
CHEMBL3652219,8,CN1CCN(c2ccc(OC(F)(F)F)c(Nc3ncc4c(n3)-c3c(c(C(=O)O)nn3C)CC4)c2)CC1
CHEMBL3652220,7.585026652,CNC(=O)c1nn(C)c2c1CCc1cnc(Nc3cc(N4CCN(C)CC4)ccc3OC)nc1-2
CHEMBL3652221,7.585026652,NC(=O)c1nn(CCF)c2c1CCc1cnc(Nc3ccccc3OC(F)(F)F)nc1-2
CHEMBL3652222,8.301029996,Cc1ccc(N2CCN(C)CC2)cc1Nc1ncc2c(n1)-c1c(c(C(=O)O)nn1C)CC2
CHEMBL3652223,7.337242168,CN(C)CCCN1CCN(c2ccc(OC(F)(F)F)c(Nc3ncc4c(n3)-c3c(c(C(N)=O)nn3C)CC4)c2)CC1
CHEMBL3652224,8.15490196,COc1ccc(CO)cc1Nc1ncc2c(n1)-c1c(c(C(N)=O)nn1C)CC2
CHEMBL3660143,7.494850022,CC[C@@H]1C(=O)N(C)c2cnc(Nc3cc(N4CCN(C)CC4)ccc3OC(F)(F)F)nc2N1C1CCCC1
CHEMBL370199,5.096910013,COC(=O)C(=O)Nc1c(C(N)=O)sc2[nH]nc(C)c12
CHEMBL3702566,5.106904334,Cn1c(=O)c(Sc2ccc(F)cc2)cc2cnc(Nc3ccc4[nH]ccc4c3)nc21
CHEMBL371239,4.698970004,CN1CCN(C(=O)c2cc3c(-c4ccccc4)[nH]nc3s2)CC1
CHEMBL371242,4.698970004,CCCCNC(=O)c1cc2c(C)n[nH]c2s1
CHEMBL371695,4.638272164,Cc1n[nH]c2sc(C(N)=O)c(NC(=O)c3ccccc3Cl)c12
CHEMBL373001,4.795880017,Cc1n[nH]c2sc(C(=O)NCc3ccccc3)cc12
CHEMBL373751,6.099999035,COc1cc2ncn(-c3cc(OCc4ccccc4S(C)(=O)=O)c(C#N)s3)c2cc1OC
CHEMBL3741589,5,O=C(O)C1CN(Cc2ccc(OCc3ccc(Cl)c(Cl)c3)cc2)C1
CHEMBL374440,6.15490196,COc1cc2ncn(-c3cc(OCc4ccccc4C(F)(F)F)c(C#N)s3)c2cc1OC
CHEMBL3745885,5,Cn1c(=O)c(S(=O)(=O)c2ccc(F)cc2F)cc2cnc(Nc3ccc4[nH]ccc4c3)nc21
CHEMBL3785951,5,CC(=O)N1CCN([C@H]2C[C@@H](n3cc(-c4cc(OC[C@@H]5CCCO5)ccc4F)c4c(N)ncnc43)C2)CC1
CHEMBL3798011,6,C[C@H](c1ccccc1)N1c2cc(-n3c(=O)[nH]c4ncccc43)ccc2C(=O)NC1(C)C
CHEMBL3809829,4,COc1cc(-c2cnn(C)c2)ccc1Nc1ncc2ccnc(N[C@@H](C)C(C)(C)C)c2n1
CHEMBL3814269,5.494850022,COc1ccc(Br)cc1/C=c1\sc2nc(=O)c(C)nn2c1=O
CHEMBL3814827,7.301029996,FC(F)(F)c1ccc(OC(CCNCc2ccccn2)c2ccccc2)cc1
CHEMBL382070,4,Cc1n[nH]c2sc(C(N)=O)c(NC(=O)c3cccs3)c12
CHEMBL3884319,5,CC1(C)C(=O)N([C@H]2CCc3c(O)cccc32)c2nc(Nc3ccccc3)ncc21
CHEMBL388978,6.26760624,CN[C@@H]1C[C@H]2O[C@@](C)([C@@H]1OC)n1c3ccccc3c3c4c(c5c6ccccc6n2c5c31)C(=O)NC4
CHEMBL3894219,4.732828272,CNC(=O)c1ccc(SC)cc1
CHEMBL3894239,4.171340103,NS(=O)(=O)c1cc(Br)c(NC(=S)NC(=O)c2ccccc2)c(Br)c1
CHEMBL3895334,3.397940009,CNC(=O)c1ccc2ncccc2c1
CHEMBL3896884,4.530177984,CCCOc1ccc(C(=O)NC)cc1
CHEMBL389745,5,COc1cc(-c2ccc3c(c2)Nc2ccc(C(C)(C)C(=O)Nc4ccc(N5CCOCC5)cc4)cc2NC3=O)ccc1N
CHEMBL3899638,4.966576245,CCCc1ccc(C(=O)NC)cc1
CHEMBL3908492,3.455931956,CNC(=O)CN1C(=O)COc2ccc(C)cc21
CHEMBL3908694,4.782516056,CCCNc1ccc(C(=O)NC)cc1
CHEMBL3909741,6.785156152,CC(=O)N(c1ccccc1)c1nc(/C=N/OCCCCCCn2cncc2C[C@H](NC(=O)[C@H](CC(C)C)NC(=O)[C@@H]2CCCN2C(C)=O)C(=O)N[C@@H](CO)C(=O)N[C@H](C(N)=O)[C@@H](C)OP(=O)(O)O)cs1
CHEMBL3910546,3.22184875,CNC(=O)c1cc(-c2ccccc2)n(-c2ccccc2)c1C
CHEMBL3916430,6.924453039,CC(=O)N(c1ccccc1)c1nc(/C=N/OCCCCCn2cncc2C[C@H](NC(=O)[C@H](CC(C)C)NC(=O)[C@@H]2CCCN2C(C)=O)C(=O)N[C@@H](CO)C(=O)N[C@H](C(N)=O)[C@@H](C)OP(=O)(O)O)cs1
CHEMBL3917603,4.782516056,CCc1ccc(C(=O)NC)cc1
CHEMBL3925420,6.612610174,CC(=O)N1CCC[C@H]1C(=O)N[C@@H](CC(C)C)C(=O)N[C@@H](Cc1cncn1CCCCCO/N=C/c1cnc(N(C)Cc2ccccc2)s1)C(=O)N[C@@H](CO)C(=O)N[C@H](C(N)=O)[C@@H](C)OP(=O)(O)O
CHEMBL3929778,4.189095719,CCOc1ccc(C(=O)NC)cc1
CHEMBL3932104,4.505845406,CNC(=O)c1ccc(NC)cc1
CHEMBL3932992,3.903089987,CNC(=O)c1ccc(OC)cc1
CHEMBL3935387,7.494850022,CC(=O)N1CCC[C@H]1C(=O)N[C@@H](CC(C)C)C(=O)N[C@@H](Cc1cncn1CCCCCCCCc1ccccc1OCc1ccccc1)C(=O)N[C@@H](CO)C(=O)N[C@H](C(N)=O)[C@@H](C)OP(=O)(O)O
CHEMBL3943963,4.004364805,CNC(=O)c1ccc(OC)c2ccccc12
CHEMBL3944369,6.876148359,CC(=O)N1CCC[C@H]1C(=O)N[C@@H](CC(C)C)C(=O)N[C@@H](Cc1cncn1CCCCCCO/N=C/c1cnc(N(C)Cc2ccccc2)s1)C(=O)N[C@@H](CO)C(=O)N[C@H](C(N)=O)[C@@H](C)OP(=O)(O)O
CHEMBL3944542,4.53165267,CC1=CC(=O)C(C(C)C)=C/C1=N/OC(=O)c1ccccc1C
CHEMBL3944580,3.602059991,CNC(=O)Cn1cc(-c2ccc(C)cc2)ncc1=O
CHEMBL3950880,6.826813732,CC(=O)N1CCC[C@H]1C(=O)N[C@@H](CC(C)C)C(=O)N[C@@H](Cc1cncn1CCCCCCO/N=C/c1cc(Cl)ccc1OCc1ccccn1)C(=O)N[C@@H](CO)C(=O)N[C@H](C(N)=O)[C@@H](C)OP(=O)(O)O
CHEMBL3953093,7.026872146,CC(=O)N1CCC[C@H]1C(=O)N[C@@H](CC(C)C)C(=O)N[C@@H](Cc1cncn1CCCCCCO/N=C/c1cccn1-c1nccc(-c2cccs2)n1)C(=O)N[C@@H](CO)C(=O)N[C@H](C(N)=O)[C@@H](C)OP(=O)(O)O
CHEMBL3954114,7.366531544,CC(=O)N1CCC[C@H]1C(=O)N[C@@H](CC(C)C)C(=O)N[C@@H](Cc1cncn1CCCCCCCCc1ccccc1-c1ccccc1)C(=O)N[C@@H](CO)C(=O)N[C@H](C(N)=O)[C@@H](C)OP(=O)(O)O
CHEMBL3956625,7.180456064,CC(=O)N1CCC[C@H]1C(=O)N[C@@H](CC(C)C)C(=O)N[C@@H](Cc1cncn1CCCCCCCCc1c(F)cccc1Oc1ccccc1)C(=O)N[C@@H](CO)C(=O)N[C@H](C(N)=O)[C@@H](C)OP(=O)(O)O
CHEMBL3961841,3.420216403,CNC(=O)c1cc(-c2cccc(OC)c2)n[nH]1
CHEMBL3965583,6.8569852,CC(=O)N1CCC[C@H]1C(=O)N[C@@H](CC(C)C)C(=O)N[C@@H](Cc1cncn1CCCCCCc1ccccc1Oc1ccccc1)C(=O)N[C@@H](CO)C(=O)N[C@H](C(N)=O)[C@@H](C)OP(=O)(O)O
CHEMBL3967183,3.522878745,CNC(=O)c1cc(OC)c2c(c1)OCCO2
CHEMBL3970781,5.065501549,CCCCc1ccc(C(=O)NC)cc1
CHEMBL3972485,3.982966661,CNC(=O)c1cccc2ccccc12
CHEMBL3975634,5.434979072,CN[C@H]1CC2OC([C@H]1OC)n1c3ccccc3c3c4c(c5c6ccccc6n2c5c31)C(O)=NC4
CHEMBL3977234,6.8569852,CC(=O)N1CCC[C@H]1C(=O)N[C@@H](CC(C)C)C(=O)N[C@@H](Cc1cncn1CCCCCCCCCc1c(F)cccc1Oc1ccccc1)C(=O)N[C@@H](CO)C(=O)N[C@H](C(N)=O)[C@@H](C)OP(=O)(O)O
CHEMBL3977826,3.494850022,CNC(=O)c1ccc(-c2noc(C)n2)cc1
CHEMBL3978875,3.32330639,CNC(=O)CSc1ncnc2sc(C)cc12
CHEMBL3979907,6.730487056,CC(=O)N1CCC[C@H]1C(=O)N[C@@H](CC(C)C)C(=O)N[C@@H](Cc1cncn1CCCCCCO/N=C/c1ccccc1-c1ccc(F)cc1)C(=O)N[C@@H](CO)C(=O)N[C@H](C(N)=O)[C@@H](C)OP(=O)(O)O
CHEMBL3985321,7.283996656,CC(=O)N1CCC[C@H]1C(=O)N[C@@H](CC(C)C)C(=O)N[C@@H](Cc1cncn1CCCCCCCCc1ccccc1Oc1ccccc1)C(=O)N[C@@H](CO)C(=O)N[C@H](C(N)=O)[C@@H](C)OP(=O)(O)O
CHEMBL3987050,3.425968732,CNC(=O)c1cn(S(=O)(=O)c2ccccc2)c2ccccc12
CHEMBL402272,5.946537395,Nc1nccc(-c2cc3c([nH]2)CCNC3=O)n1
CHEMBL402548,5.455931956,CO[C@@H](C(=O)N1Cc2n[nH]c(NC(=O)c3ccc(N4CCN(C)CC4)cc3)c2C1)c1ccccc1
CHEMBL405233,4,Cc1ccc(C2=Nc3c(N)ncnc3NCC2)cc1
CHEMBL4063398,8.698970004,CC[C@@H]1c2c(C(N)=O)ncn2-c2cnc(Nc3ccc(C(=O)NC4CCN(C)CC4)cc3OC)nc2N1C1CCCC1
CHEMBL4065187,7.092588639,CC(=O)N1CCC[C@H]1C(=O)N[C@@H](CC(C)C)C(=O)N[C@@H](Cc1cncn1CCCCCCCCc1ccc(CCOCc2ccccc2)cc1)C(=O)N[C@@H](CO)C(=O)N[C@H](C(N)=O)[C@@H](C)OP(=O)(O)O
CHEMBL4066163,8.657577319,CC[C@@H]1c2c(C#N)ncn2-c2cnc(Nc3cc(F)c(C(=O)NC4CCN(C)CC4)cc3OC)nc2N1C1CCCC1
CHEMBL4067710,9.397940009,CC[C@@H]1c2c(C#N)ncn2-c2cnc(Nc3cc(F)c(C(=O)NC4CCN(CC)CC4)cc3OC)nc2N1C(C)C
CHEMBL4068949,7.014124643,CC(=O)N1CCC[C@H]1C(=O)N[C@@H](CC(C)C)C(=O)N[C@@H](Cc1cncn1CCCCCCCCc1c(F)cccc1Oc1cccc(O)c1)C(=O)N[C@@H](CO)C(=O)N[C@H](C(N)=O)[C@@H](C)OP(=O)(O)O
CHEMBL407265,4,Nc1ncnc2c1N=C(c1ccc(Cl)cc1)CCN2
CHEMBL4074112,8.677780705,CCOC(=O)c1ncn2c1[C@@H](CC)N(C1CCCC1)c1nc(Nc3ccc(C(=O)NC4CCN(C)CC4)cc3OC)ncc1-2
CHEMBL4074778,8.823908741,CC[C@@H]1c2c(C#N)ncn2-c2cnc(Nc3ccc(C(=O)NC4CCN(C)CC4)cc3OC)nc2N1C1CCCC1
CHEMBL407532,4,Nc1ncnc2c1N=C(c1cccc(Cl)c1)CCN2
CHEMBL4078098,8.886056648,CC[C@@H]1c2c(C#N)ncn2-c2cnc(Nc3cc(F)c(C(=O)NC4CCN(C)CC4)cc3OC)nc2N1C1CCCCC1
CHEMBL4080819,6.359916269,CC(=O)N1CCC[C@H]1C(=O)N[C@@H](CC(C)C)C(=O)N[C@@H](Cc1cncn1CCCCCCCCc1c(F)cccc1Oc1cccc(OCc2ccccc2)c1)C(=O)N[C@@H](CO)C(=O)N[C@H](C(N)=O)[C@@H](C)OP(=O)(O)O
CHEMBL4085036,7.346787486,CCNC(=O)c1ncn2c1[C@@H](CC)N(C1CCCC1)c1nc(Nc3ccc(C(=O)NC4CCN(C)CC4)cc3OC)ncc1-2
CHEMBL4085987,8.065501549,CC[C@@H]1c2c(C#N)ncn2-c2cnc(Nc3ccc(C(=O)NC4CCN(C)CC4)cc3OC)nc2N1C(C)C
CHEMBL4088932,8.769551079,CC[C@@H]1c2c(C#N)ncn2-c2cnc(Nc3cc(F)c(C(=O)NC4CN(C)C4)cc3OC)nc2N1C(C)C
CHEMBL4092848,6.951558196,CC(=O)N1CCC[C@H]1C(=O)N[C@@H](CC(C)C)C(=O)N[C@@H](Cc1cncn1CCCCCCCCc1ccc(CCO)cc1)C(=O)N[C@@H](CO)C(=O)N[C@H](C(N)=O)[C@@H](C)OP(=O)(O)O
CHEMBL4093737,8.15490196,CC[C@@H]1c2c(C(=O)N(C)O)ncn2-c2cnc(Nc3ccc(C(=O)NC4CCN(C)CC4)cc3OC)nc2N1C1CCCC1
CHEMBL4094634,8.853871964,CC[C@@H]1c2c(C(=O)O)ncn2-c2cnc(Nc3ccc(C(=O)NC4CCN(C)CC4)cc3OC)nc2N1C1CCCC1
CHEMBL4095253,5,C=CS(=O)(=O)N1CCC[C@@H]1Cn1cc(-c2ccc3c(c2)OCO3)c2c(N)ncnc21
CHEMBL4096151,8.408935393,CC[C@@H]1c2c(C#N)ncn2-c2cnc(Nc3cc(F)c(C(=O)N[C@H]4CC[C@H](N5CCN(CC6CC6)CC5)CC4)cc3OC)nc2N1C(C)C
CHEMBL4101459,8.657577319,CC[C@@H]1c2c(CO)ncn2-c2cnc(Nc3ccc(C(=O)NC4CCN(C)CC4)cc3OC)nc2N1C1CCCC1
CHEMBL4103908,8.721246399,CC[C@@H]1c2c(C#N)ncn2-c2cnc(Nc3cc(F)c(C(=O)NC4CCN(C)CC4)cc3OC)nc2N1C(C)C
CHEMBL4108316,3.301029996,CNC(=O)c1cc(-c2ccccc2)c(C(F)(F)F)s1
CHEMBL4111245,3.22184875,CNC(=O)c1sc(C(F)(F)F)c(-c2ccccc2)c1N
CHEMBL4115250,3.259637311,CNC(=O)C1=CC(CCCN2CCOCC2)[N+](c2ccccc2)=C1C
CHEMBL4126401,7.183162369,CC[C@H](C)[C@H](NC(=O)[C@H](C)NC(=O)[C@@H](NC(=O)[C@H](CO)NC(=O)[C@H](Cc1cnc[nH]1)NC(=O)[C@H](CC(C)C)NC(=O)[C@@H]1CCCN1C(=O)[C@@H]1CCCN1C(=O)[C@H](CC(=O)O)NC(=O)[C@H](Cc1ccc(Cl)c(Cl)c1)NC(=O)[C@H](CCC(N)=O)NC(C)=O)[C@@H](C)O)C(=O)N[C@@H](Cc1ccc(O)cc1)C(=O)N[C@@H](C)C(=O)N[C@@H](CC(N)=O)C(N)=O
CHEMBL4126831,7.129947418,CC[C@H](C)[C@H](NC(=O)[C@H](C)NC(=O)[C@@H](NC(=O)[C@H](CO)NC(=O)[C@H](Cc1cnc[nH]1)NC(=O)[C@H](CC(C)C)NC(=O)[C@@H]1CCCN1C(=O)[C@@H]1CCCN1C(=O)[C@H](CC(=O)O)NC(=O)[C@H](Cc1ccc(F)cc1)NC(=O)[C@@H](NC(=O)[C@H](CCC(N)=O)NC(C)=O)[C@@H](C)O)[C@@H](C)OP(=O)(O)O)C(=O)N[C@@H](Cc1ccc(O)cc1)C(=O)N[C@@H](C)C(=O)N[C@@H](CC(N)=O)C(N)=O
CHEMBL4127365,6.547753425,CC[C@H](C)[C@H](NC(=O)[C@H](C)NC(=O)[C@@H](NC(=O)[C@H](CO)NC(=O)[C@H](Cc1cnc[nH]1)NC(=O)[C@H](CC(C)C)NC(=O)[C@@H]1CCCN1C(=O)[C@@H]1CCCN1C(=O)[C@H](CC(=O)O)NC(=O)[C@H](Cc1ccccc1)NC(C)=O)[C@@H](C)OP(=O)(O)O)C(=O)N[C@@H](Cc1ccc(O)cc1)C(=O)N[C@@H](C)C(=O)N[C@@H](CC(N)=O)C(N)=O
CHEMBL4127627,7.409046765,CC[C@H](C)[C@H](NC(=O)[C@H](C)NC(=O)[C@@H](NC(=O)[C@H](CO)NC(=O)[C@H](Cc1cnc[nH]1)NC(=O)[C@H](CC(C)C)NC(=O)[C@@H]1CCCN1C(=O)[C@@H]1CCCN1C(=O)[C@H](CC(=O)O)NC(=O)[C@H](Cc1ccc(Cl)c(Cl)c1)NC(=O)[C@@H](NC(=O)[C@H](CCC(N)=O)NC(C)=O)[C@@H](C)O)[C@@H](C)OP(=O)(O)O)C(=O)N[C@@H](Cc1ccc(O)cc1)C(=O)N[C@@H](C)C(=O)N[C@@H](CC(N)=O)C(N)=O
CHEMBL4127785,7.105573162,CC[C@H](C)[C@H](NC(=O)[C@H](C)NC(=O)[C@@H](NC(=O)[C@H](CO)NC(=O)[C@H](Cc1cnc[nH]1)NC(=O)[C@H](CC(C)C)NC(=O)[C@@H]1CCCN1C(=O)[C@@H]1CCCN1C(=O)[C@H](CC(=O)O)NC(=O)[C@H](Cc1ccc(Cl)c(Cl)c1)NC(C)=O)[C@@H](C)OP(=O)(O)O)C(=O)N[C@@H](Cc1ccc(O)cc1)C(=O)N[C@@H](C)C(=O)N[C@@H](CC(N)=O)C(N)=O
CHEMBL4128878,7.153415497,CC[C@H](C)[C@H](NC(=O)[C@H](C)NC(=O)[C@@H](NC(=O)[C@H](CO)NC(=O)[C@H](Cc1cnc[nH]1)NC(=O)[C@H](CC(C)C)NC(=O)[C@@H]1CCCN1C(=O)[C@@H]1CCCN1C(=O)[C@H](CC(=O)O)NC(=O)[C@H](Cc1ccc([N+](=O)[O-])cc1)NC(=O)[C@@H](NC(=O)[C@H](CCC(N)=O)NC(C)=O)[C@@H](C)O)[C@@H](C)OP(=O)(O)O)C(=O)N[C@@H](Cc1ccc(O)cc1)C(=O)N[C@@H](C)C(=O)N[C@@H](CC(N)=O)C(N)=O
CHEMBL4129028,7.123378084,CC[C@H](C)[C@H](NC(=O)[C@H](C)NC(=O)[C@@H](NC(=O)[C@H](CO)NC(=O)[C@H](Cc1cnc[nH]1)NC(=O)[C@H](CC(C)C)NC(=O)[C@@H]1CCCN1C(=O)[C@@H]1CCCN1C(=O)[C@H](CC(=O)O)NC(=O)[C@H](Cc1ccc(Cl)c(Cl)c1)NC(=O)[C@@H](NC(C)=O)[C@@H](C)O)[C@@H](C)OP(=O)(O)O)C(=O)N[C@@H](Cc1ccc(O)cc1)C(=O)N[C@@H](C)C(=O)N[C@@H](CC(N)=O)C(N)=O
CHEMBL4130094,7.045178817,CC[C@H](C)[C@H](NC(=O)[C@H](C)NC(=O)[C@@H](NC(=O)[C@H](CO)NC(=O)[C@H](Cc1cnc[nH]1)NC(=O)[C@H](CC(C)C)NC(=O)[C@@H]1CCCN1C(=O)[C@@H]1CCCN1C(=O)[C@H](CC(=O)O)NC(=O)[C@H](Cc1ccc(Cl)cc1)NC(=O)[C@@H](NC(=O)[C@H](CCC(N)=O)NC(C)=O)[C@@H](C)O)[C@@H](C)OP(=O)(O)O)C(=O)N[C@@H](Cc1ccc(O)cc1)C(=O)N[C@@H](C)C(=O)N[C@@H](CC(N)=O)C(N)=O
CHEMBL4130239,5.67592342,CC[C@H](C)[C@H](NC(=O)[C@H](C)NC(=O)[C@@H](NC(=O)[C@H](CO)NC(=O)[C@H](Cc1cnc[nH]1)NC(=O)[C@H](CC(C)C)NC(=O)[C@@H]1CCCN1C(=O)[C@@H]1CCCN1C(=O)[C@H](CC(=O)O)NC(=O)[C@H](Cc1ccc(OC)cc1)NC(=O)[C@@H](NC(=O)[C@H](CCC(N)=O)NC(C)=O)[C@@H](C)O)[C@@H](C)OP(=O)(O)O)C(=O)N[C@@H](Cc1ccc(O)cc1)C(=O)N[C@@H](C)C(=O)N[C@@H](CC(N)=O)C(N)=O
CHEMBL4160611,6.791558644,CCCCNC(=O)c1ccc2c(ccn2-c2ncc3c(n2)N(C2CCCC2)[C@H](CC)C(=O)N3C)c1
CHEMBL4160679,5.940436582,CCCCNC(=O)c1ccc2c(ccn2-c2ncc3c(n2)N(c2ccn(C)n2)C(CC)C(=O)N3C)c1
CHEMBL4161027,5.606951534,CCCNC(=O)c1ccc2c(ccn2-c2ncc3c(n2)N(c2ccn(C)n2)C(CC)C(=O)N3C)c1
CHEMBL4161572,6.546375926,CC[C@@H]1C(=O)N(C)c2cnc(-n3ccc4cc(C(N)=O)ccc43)nc2N1C1CCCC1
CHEMBL4161861,5.979638717,CCC1C(=O)N(C)c2cnc(Nc3ccc(S(N)(=O)=O)cc3)nc2N1c1ccn(C)n1
CHEMBL4162262,7.331800516,CC[C@@H]1C(=O)N(C)c2cnc(Nc3ccc(S(=O)(=O)NCC(C)C)cc3)nc2N1C1CCCC1
CHEMBL4163892,7.027843464,CC[C@@H]1C(=O)N(C)c2cnc(-n3ccc4cc(C(=O)NC)ccc43)nc2N1C1CCCC1
CHEMBL4164012,7.097779472,CCCNC(=O)c1ccc2c(ccn2-c2ncc3c(n2)N(C2CCCC2)[C@H](CC)C(=O)N3C)c1
CHEMBL4164082,5.916139199,CCC1C(=O)N(C)c2cnc(-n3ccc4cc(C(=O)NC5CCCC5)ccc43)nc2N1c1ccn(C)n1
CHEMBL4164433,5.49825627,CCC1C(=O)N(C)c2cnc(-n3ccc4cc(C(=O)NC)ccc43)nc2N1c1ccn(C)n1
CHEMBL4164991,5.910094889,CC[C@@H]1C(=O)N(C)c2cnc(-n3ccc4ccccc43)nc2N1C1CCCC1
CHEMBL4165409,6.054186873,CCC1C(=O)N(C)c2cnc(Nc3ccc(S(=O)(=O)NCC(C)C)cc3)nc2N1c1ccn(C)n1
CHEMBL4165706,6.962573502,CC[C@@H]1C(=O)N(C)c2cnc(Nc3ccc(S(=O)(=O)Nc4ccccc4)cc3)nc2N1C1CCCC1
CHEMBL4166771,7.794524963,CC[C@@H]1C(=O)N(C)c2cnc(Nc3ccc(S(=O)(=O)NC)cc3)nc2N1C1CCCC1
CHEMBL4167865,5,CCC1C(=O)N(C)c2cnc(-n3ccc4cc(F)ccc43)nc2N1c1ccn(C)n1
CHEMBL4168155,7.188626103,CC[C@@H]1C(=O)N(C)c2cnc(Nc3ccc(S(N)(=O)=O)cc3)nc2N1C1CCCC1
CHEMBL4168834,6.337147767,CCCNS(=O)(=O)c1ccc(Nc2ncc3c(n2)N(c2ccn(C)n2)C(CC)C(=O)N3C)cc1
CHEMBL4168951,5.374996399,CCNC(=O)c1ccc2c(ccn2-c2ncc3c(n2)N(c2ccn(C)n2)C(CC)C(=O)N3C)c1
CHEMBL4169129,7.480172006,CC[C@@H]1C(=O)N(C)c2cnc(Nc3ccc(S(=O)(=O)NCCCO)cc3)nc2N1C1CCCC1
CHEMBL4170176,7.390405591,CCCCNS(=O)(=O)c1ccc(Nc2ncc3c(n2)N(C2CCCC2)[C@H](CC)C(=O)N3C)cc1
CHEMBL4171224,6.915423722,CC[C@@H]1C(=O)N(C)c2cnc(-n3ccc4cc(C(=O)NCC(C)C)ccc43)nc2N1C1CCCC1
CHEMBL4171281,5.819014419,CCC1C(=O)N(C)c2cnc(-n3ccc4cc(C(=O)NC(C)C)ccc43)nc2N1c1ccn(C)n1
CHEMBL4171770,7.205860644,CCNC(=O)c1ccc2c(ccn2-c2ncc3c(n2)N(C2CCCC2)[C@H](CC)C(=O)N3C)c1
CHEMBL4172185,5.250959731,CC[C@@H]1C(=O)N(C)c2cnc(-n3ccc4cc(F)ccc43)nc2N1C1CCCC1
CHEMBL4172312,5.30181243,CCC1C(=O)N(C)c2cnc(-n3ccc4cc(C(N)=O)ccc43)nc2N1c1ccn(C)n1
CHEMBL4172511,6.129596095,CCC1C(=O)N(C)c2cnc(Nc3ccc(S(=O)(=O)NC)cc3)nc2N1c1ccn(C)n1
CHEMBL4173322,5.61780279,CCC1C(=O)N(C)c2cnc(Nc3ccc(S(=O)(=O)NCCO)cc3)nc2N1c1ccn(C)n1
CHEMBL4173620,7.280917426,CC[C@@H]1C(=O)N(C)c2cnc(Nc3ccc(S(=O)(=O)NC4CCCC4)cc3)nc2N1C1CCCC1
CHEMBL4174667,7.009883234,CC[C@@H]1C(=O)N(C)c2cnc(-n3ccc4cc(C(=O)NC(C)C)ccc43)nc2N1C1CCCC1
CHEMBL4174735,5.592439151,CCC1C(=O)N(C)c2cnc(-n3ccc4cc(C(=O)NCC(C)C)ccc43)nc2N1c1ccn(C)n1
CHEMBL4175615,6.1716624,CCC1C(=O)N(C)c2cnc(Nc3ccc(S(=O)(=O)NCCCO)cc3)nc2N1c1ccn(C)n1
CHEMBL4175722,7.362410214,CC[C@@H]1C(=O)N(C)c2cnc(-n3ccc4cc(C(=O)NC5CCCC5)ccc43)nc2N1C1CCCC1
CHEMBL4176689,6.3357342,CCCCNS(=O)(=O)c1ccc(Nc2ncc3c(n2)N(c2ccn(C)n2)C(CC)C(=O)N3C)cc1
CHEMBL4176983,7.60624936,CC[C@@H]1C(=O)N(C)c2cnc(Nc3ccc(S(=O)(=O)NCCO)cc3)nc2N1C1CCCC1
CHEMBL4177399,7.459420283,CCCNS(=O)(=O)c1ccc(Nc2ncc3c(n2)N(C2CCCC2)[C@H](CC)C(=O)N3C)cc1
CHEMBL4202678,7.022276395,COc1cc(C(=O)N2CCCCC2)ccc1Nc1ncc2c(n1)N(C1CCCC1)[C@H](C)C(=O)N2C
CHEMBL4202820,8.065501549,COc1cc(C(=O)NC2CCN(C)CC2)ccc1Nc1ncc2c(n1)N(C1CCCCC1)[C@H](C)C(=O)N2C
CHEMBL4203571,7.568636236,COc1cc(C(=O)NCCc2ccccc2)ccc1Nc1ncc2c(n1)N(C1CCCC1)[C@H](C)C(=O)N2C
CHEMBL4204526,4.903089987,CCOc1cccc(F)c1-c1ccnc(Nc2ccc(S(=O)(=O)Nc3onc(C)c3C)cc2)n1
CHEMBL4205123,5.228412519,COc1ccc(F)c(F)c1-c1ccnc(Nc2ccc(S(=O)(=O)Nc3onc(C)c3C)cc2)n1
CHEMBL4205779,4.903089987,COc1ccccc1-c1ccnc(Nc2cccc(Cn3cnc4ccccc43)c2)n1
CHEMBL4206052,7.598599459,COc1cc(C(=O)NC2CCN(C)CC2)ccc1Nc1ncc2c(n1)N(C(C)C)[C@H](C)C(=O)N2C
CHEMBL4206171,8.004364805,CCC[C@@H]1C(=O)N(C)c2cnc(Nc3ccc(C(=O)NC4CCN(C)CC4)cc3OC)nc2N1C1CCCC1
CHEMBL4206381,6.896196279,C[C@H]1C(=O)N(C)c2cnc(Nc3ccc(C(=O)NC4CCN(C)CC4)cc3OC3CCCC3)nc2N1C1CCCC1
CHEMBL4207165,8.397940009,CC[C@@H]1C(=O)N(C)c2cnc(Nc3ccc(C(=O)NC4CCN(C)CC4)cc3OC)nc2N1C(C)C
CHEMBL4207347,6.492144128,COc1cc(C(=O)NC2CCN(C)CC2)ccc1Nc1ncc2c(n1)N(C1CCOCC1)[C@H](CC(C)C)C(=O)N2C
CHEMBL4207437,7.397940009,C[C@@H]1C(=O)N(C)c2cnc(Nc3ccc(C(=O)NC4CCN(C)CC4)cc3OC3CCCC3)nc2N1C1CCCC1
CHEMBL4207754,4.903089987,COc1cc(F)ccc1-c1ccnc(Nc2ccc(S(=O)(=O)Nc3onc(C)c3C)cc2)n1
CHEMBL4209151,4.908333042,COc1cccc(F)c1-c1ccnc(Nc2ccc(S(=O)(=O)Nc3onc(C)c3C)cc2)n1
CHEMBL4209192,7.327902142,CCC[C@@H]1C(=O)N(C)c2cnc(Nc3ccc(C(=O)NC4CCN(C)CC4)cc3OC3CCCC3)nc2N1C1CCCC1
CHEMBL4209357,4.903089987,COc1cccc(F)c1-c1ccnc(Nc2ccc(S(=O)(=O)Nc3nnc(C)s3)cc2)n1
CHEMBL4209902,8.958607315,COc1cc(C(=O)NC2CCN(C)CC2)ccc1Nc1ncc2c(n1)N(C1CCCC1)[C@H](C)C(=O)N2C
CHEMBL4210414,6.795880017,COc1cc(C(=O)NC2CCCCC2)ccc1Nc1ncc2c(n1)N(C1CCCC1)[C@H](C)C(=O)N2C
CHEMBL4210571,7.677780705,COc1cc(C(=O)NCCN(C)C)ccc1Nc1ncc2c(n1)N(C1CCCC1)[C@H](C)C(=O)N2C
CHEMBL4211020,4.903089987,COc1cc(F)ccc1-c1ccnc(Nc2ccc(S(=O)(=O)Nc3noc(C)c3C)cc2)n1
CHEMBL4212237,6.661543506,COc1cc(C(=O)NC2CCN(C)CC2)ccc1Nc1ncc2c(n1)N(C(C)C)[C@H](CC(C)C)C(=O)N2C
CHEMBL4212346,6.3400838,COC(=O)c1ccc(Nc2ncc3c(n2)N(C2CCCC2)[C@H](C)C(=O)N3C)c(OC2CCCC2)c1
CHEMBL4212641,4.903089987,COc1cccc(F)c1-c1ccnc(Nc2cccc(Cn3cnc4ccccc43)c2)n1
CHEMBL4213276,8.045757491,COc1cc(C(=O)NC2CCNCC2)ccc1Nc1ncc2c(n1)N(C1CCCC1)[C@H](C)C(=O)N2C
CHEMBL4214823,7.42945706,CC[C@@H]1C(=O)Nc2cnc(Nc3ccc(C(=O)NC4CCN(C)CC4)cc3OC)nc2N1C1CCCCC1
CHEMBL4215419,4.903089987,COc1cccc(F)c1-c1ccnc(Nc2ccc(S(=O)(=O)Nc3nccs3)cc2)n1
CHEMBL4215729,8.397940009,CC[C@@H]1C(=O)N(C)c2cnc(Nc3ccc(C(=O)NC4CCN(C)CC4)cc3OC)nc2N1C1CCCCC1
CHEMBL4215910,7.107905397,COc1cc(C(=O)NC2CCN(C)CC2)ccc1Nc1ncc2c(n1)N(C1CCCC1)[C@H](CC(C)C)C(=O)N2C
CHEMBL4216442,8.075720714,COc1cc(C(=O)NC2=CCN(C)C=C2)ccc1Nc1ncc2c(n1)N(C1CCCC1)[C@H](C)C(=O)N2C
CHEMBL4216875,8.060480747,COc1cc(C(=O)NC2CCN(C)CC2)ccc1Nc1ncc2c(n1)N(C1CCCC1)[C@@H](C)C(=O)N2C
CHEMBL4217448,4.903089987,COc1ccc(F)c(F)c1-c1ccnc(Nc2ccc(S(=O)(=O)Nc3nnc(C)s3)cc2)n1
CHEMBL4218106,5.581698709,CC[C@@H]1C(=O)Nc2cnc(Nc3ccc(C(=O)NC4CCN(C)CC4)cc3OC)nc2N1C(C)C
CHEMBL4245507,5,O=C(Cc1cccc(OCCCN2CCNCC2)c1)Nc1nc(-c2ccncc2)cs1
CHEMBL4251324,5,O=C(Cc1cccc(OCCCC2CCNCC2)c1)Nc1nc(-c2ccncc2)cs1
CHEMBL4276946,4,CC(=O)n1nc(C)c(-c2ccc(Cl)c(Cl)c2)c1N
CHEMBL4278200,7.610833916,CC(=O)N1CCC[C@H]1C(=O)N[C@@H](CC(C)C)C(=O)N[C@H]1Cc2c[n+](cn2CCCCCCCCc2ccccc2)CCCCCCNC(=O)[C@H]([C@@H](C)OP(=O)(O)O)NC(=O)[C@H](CO)NC1=O
CHEMBL4281348,7.070581074,CCNc1cc(-c2ccc(NC(=O)Nc3cccc(Cl)c3)cc2C(F)(F)F)ccn1
CHEMBL4281659,7.59345982,CC(=O)N1CCC[C@H]1C(=O)N[C@@H](CC(C)C)C(=O)N[C@H]1Cc2c[n+](cn2CCCCCCCCc2ccccc2)CCCCCNC(=O)[C@H]([C@@H](C)OP(=O)(O)O)NC(=O)[C@H](CO)NC1=O
CHEMBL428496,7.619788758,COC[C@H]1OC(=O)c2coc3c2[C@@]1(C)C1=C(C3=O)[C@@H]2CCC(=O)[C@@]2(C)C[C@H]1OC(C)=O
CHEMBL4285090,4.886056648,CC(=O)N[C@@H](Cc1cncn1CCCCCCCCc1ccccc1)C(=O)N[C@@H](CO)C(=O)N[C@H](C(N)=O)[C@@H](C)OP(=O)(O)O
CHEMBL4287557,6.723538196,CC(=O)N[C@H]1Cc2c[n+](cn2CCCCCCCCc2ccccc2)CCCCCNC(=O)[C@H]([C@@H](C)OP(=O)(O)O)NC(=O)[C@H](CO)NC1=O
CHEMBL4292295,7.070581074,CC(=O)N1CCC[C@H]1C(=O)N[C@@H](CC(C)C)C(=O)N[C@H]1Cc2c[n+](cn2CCCCCCCCc2ccccc2)CCCCNC(=O)[C@H]([C@@H](C)OP(=O)(O)O)NC(=O)[C@H](CO)NC1=O
CHEMBL431336,4.602059991,Cc1nc(N)sc1-c1ccnc(Nc2ccc(O)cc2)n1
CHEMBL442957,5.301029996,Cc1nc(C)c(-c2ccnc(Nc3ccc(O)cc3)n2)s1
CHEMBL4436925,7.992679047,CC[C@@H]1C(=O)N(C)c2cnc(Nc3ccc(C(=O)NC4CCCC4)cc3CCO)nc2N1C1CCCC1
CHEMBL4438748,5,CN(C)c1ccc(C(=O)Nc2cccc(NC(=O)COc3ccc4c(=O)ccoc4c3)c2)cc1
CHEMBL4441121,8.289036881,CC[C@@H]1C(=O)N(C)c2cnc(Nc3cc(F)c(C(=O)NC4CCOCC4)cc3OCCO)nc2N1C1CCCC1
CHEMBL4442768,7.572351629,CC[C@@H]1C(=O)N(C)c2cnc(Nc3cc(F)c(C(=O)NC4CCN(C)CC4)cc3OCCO)nc2N1C(C)C
CHEMBL4445650,5.472370099,O=C(CCNC(=O)c1ccc(CO)cc1)N[C@@H](Cc1cnnn1CCCCCCCCc1ccccc1)C(=O)NCc1cnnn1CCP(=O)(O)O
CHEMBL4447251,8.239577517,CC[C@@H]1C(=O)N(C)c2cnc(Nc3ccc(C(C)=O)cc3OCCO)nc2N1C1CCCC1
CHEMBL4447495,7.992679047,CC[C@@H]1C(=O)N(C)c2cnc(Nc3cc(F)c(C(=O)NCCN4CCN(C)CC4)cc3OCCO)nc2N1C1CCCC1
CHEMBL4448214,6.26760624,CCOc1cc(C2CCN(C)CC2)ccc1Nc1ncc2c(n1)N(Cc1cccc(Cl)c1)[C@H](CC)C(=O)N2C
CHEMBL4448563,8.163675884,CC[C@@H]1C(=O)N(C)c2cnc(Nc3ccc(C(=O)NC(C)C)cc3OCCO)nc2N1C1CCCC1
CHEMBL4449123,7.419987887,CC[C@@H]1C(=O)N(C)c2cnc(Nc3ccc(C(=O)NCCN(C)C)cc3OCCO)nc2N1C1CCCC1
CHEMBL4449490,6.907279355,CC[C@@H]1C(=O)N(C)c2cnc(Nc3ccc(C(=O)NC4CCN(C)CC4)cc3OCCO)nc2N1C(C)C
CHEMBL4449858,6.903089987,CCOc1cc(C2CCN(C)CC2)ccc1Nc1ncc2c(n1)N(Cc1cc(C)cs1)[C@H](CC)C(=O)N2C
CHEMBL4450564,7.283495836,CC[C@@H]1C(=O)Nc2cnc(Nc3ccc(C(=O)NC4CCCC4)cc3OC)nc2N1C1CCCC1
CHEMBL4450624,8.369572125,CC[C@@H]1C(=O)N(C)c2cnc(Nc3ccc(C(=O)NC4CCN(C)CC4)cc3OCCO)nc2N1C1CCCC1
CHEMBL4451065,6.26760624,CCOc1cc(C2CCN(C)CC2)ccc1Nc1ncc2c(n1)N(Cc1cccc(Br)c1)[C@H](CC)C(=O)N2C
CHEMBL445162,4.522878745,CS(=O)(=O)c1cccc(Nc2nccc(Nc3c(Cl)ccc4c3OCO4)n2)c1
CHEMBL445277,7.657577319,NC(=O)c1sc(-n2cnc3ccccc32)cc1OCc1cccc(Cl)c1
CHEMBL4453584,7.456677099,CCCCNC(=O)c1ccc(Nc2ncc3c(n2)N(C2CCCC2)[C@H](CC)C(=O)N3C)c(OCCO)c1
CHEMBL4454222,8.240332155,CC[C@@H]1C(=O)N(C)c2cnc(Nc3ccc(C(=O)NC4CCCC4)cc3C)nc2N1C1CCCC1
CHEMBL4454586,6.053253065,CC[C@@H]1C(=O)N(C)c2cnc(Nc3ccc(C(=O)NC4CCCC4)cc3OCc3ccccc3)nc2N1C1CCCC1
CHEMBL4456099,8.004364805,CC[C@@H]1C(=O)N(C)c2cnc(Nc3ccc(C4CCN(C)CC4)cc3OC)nc2N1C1CCCC1
CHEMBL4456400,8.001304842,CC[C@@H]1C(=O)N(C)c2cnc(Nc3cc(F)c(C(=O)NC)cc3OCCO)nc2N1C1CCCC1
CHEMBL4457656,8.142667504,CC[C@@H]1C(=O)N(C)c2cnc(Nc3cc(F)c(C(=O)NC(C)C)cc3OCCO)nc2N1C1CCCC1
CHEMBL4457809,7.075720714,CCOc1cc(C(=O)NC2CCN(C)CC2)ccc1Nc1ncc2c(n1)N(Cc1ccccc1)[C@H](CC)C(=O)N2C
CHEMBL4458460,8.410050399,CC[C@@H]1C(=O)N(C)c2cnc(Nc3cc(F)c(C(=O)NC4CCCC4)cc3OCCO)nc2N1C1CCCC1
CHEMBL4459892,8.446116973,CC[C@@H]1C(=O)N(C)c2cnc(Nc3cc(F)c(C(=O)NC4CCN(C)CC4)cc3OCCO)nc2N1C1CCCC1
CHEMBL4461041,7.683610249,CC[C@@H]1C(=O)N(C)c2cnc(Nc3ccc(C(N)=O)cc3OCCO)nc2N1C1CCCC1
CHEMBL4464826,7.920818754,CCOc1cc(C(=O)NC2CCN(C)CC2)ccc1Nc1ncc2c(n1)N(C1CCCC1)[C@H](CC)C(=O)N2C
CHEMBL4465062,8.137868621,CCC1C(=O)N(C)c2cnc(Nc3cc(F)c(C(=O)NC4CCCC4)cc3OCCO)nc2N1C1CCCC1
CHEMBL4468970,6.53521248,CC[C@@H]1C(=O)N(CCO)c2cnc(Nc3ccc(C(=O)NC4CCCC4)cc3OC)nc2N1C1CCCC1
CHEMBL4469087,6.537602002,CCOc1cc(C2CCN(C)CC2)ccc1Nc1ncc2c(n1)N(Cc1ccccc1)[C@H](CC)C(=O)N2C
CHEMBL4469319,6.752026734,CC[C@@H]1C(=O)N(C)c2cnc(Nc3ccc(C(=O)NC4CCOCC4)cc3OCCO)nc2N1C(C)C
CHEMBL4469756,6.958607315,CCOc1cc(C(=O)NC2CCN(C)CC2)ccc1Nc1ncc2c(n1)N(Cc1cccc(Br)c1)[C@H](CC)C(=O)N2C
CHEMBL4473297,6.898596649,CC[C@@H]1C(=O)N(C)c2cnc(Nc3ccc(C(=O)NC4CCCC4)cc3OCCO)nc2N1C(C)C
CHEMBL4474690,6,COc1cc(C2CN(C(=O)c3cc(COC[C@@H](O)CO)ccn3)C2)ccc1OCc1ccc(C2CC2)cc1
CHEMBL4476226,8.055517328,CC(=O)N1CCN(c2ccc(Nc3ncc(C(F)(F)F)c(N4Cc5cccc(N(C)S(C)(=O)=O)c5C4)n3)cc2)CC1
CHEMBL449608,7.920818754,Cc1cccc(COc2cc(-n3cnc4ccccc43)sc2C(N)=O)c1
CHEMBL450653,4.677780705,N#Cc1sc2c([N+](=O)[O-])cc(C(F)(F)F)cc2[n+]1[O-]
CHEMBL4515187,7.762205007,CC[C@@H]1C(=O)N(C)c2cnc(Nc3ccc(C(=O)NC4CCN(C(C)C)CC4)cc3OCCO)nc2N1C1CCCC1
CHEMBL4515755,6.896880746,CC[C@@H]1C(=O)N(C)c2cnc(Nc3cc(F)c(C(=O)NCCN(C)C)cc3OCCO)nc2N1C1CCCC1
CHEMBL4519294,8.025949097,CC[C@@H]1C(=O)N(C)c2cnc(Nc3ccc(C(=O)NC4CCOCC4)cc3OCCO)nc2N1C1CCCC1
CHEMBL4524869,5.920818754,CC[C@@H]1C(=O)N(COC)c2cnc(Nc3ccc(C(=O)NC4CCCC4)cc3OC)nc2N1C1CCCC1
CHEMBL452932,5.791558644,C[C@H](Nc1cc2c(-c3ccccc3)noc2cn1)c1ccccc1
CHEMBL4529398,7.747146969,CC[C@@H]1C(=O)N(C)c2cnc(Nc3ccc(C(=O)NCCN4CCOCC4)cc3OCCO)nc2N1C1CCCC1
CHEMBL4531713,6.397940009,NC(=O)c1sc2c([n+]1[O-])C(SC[C@H](N)C(=O)O)C(SC(F)(F)F)=CC2[N+](=O)[O-]
CHEMBL4531932,8.031050319,CC[C@@H]1C(=O)N(C)c2cnc(Nc3ccc(C(=O)NC4CCCC4)cc3OCCO)nc2N1C1CCCC1
CHEMBL4541823,7.278931698,CC[C@@H]1C(=O)N(C)c2cnc(Nc3cc(F)c(C(=O)NC4CCOCC4)cc3OCCO)nc2N1C(C)C
CHEMBL454196,7.15490196,Cc1ccc(COc2cc(-n3cnc4ccccc43)sc2C(N)=O)cc1
CHEMBL4543331,7.167491087,CCOc1cc(C2CCN(C)CC2)ccc1Nc1ncc2c(n1)N(Cc1sccc1C)[C@H](CC)C(=O)N2C
CHEMBL454440,5.055517328,Cc1c(O)c(O)cc2oc3cc(O)cc(O)c3c(=O)c12
CHEMBL4545446,7.669992299,CCNC(=O)c1ccc(Nc2ncc3c(n2)N(C2CCCC2)[C@H](CC)C(=O)N3C)c(OCCO)c1
CHEMBL4548940,8.229884705,CC[C@@H]1C(=O)N(C)c2cnc(Nc3ccc(C(=O)NC4CCCC4)cc3O)nc2N1C1CCCC1
CHEMBL4550702,4,Cn1cc(-c2cnc3c(-c4csc(C(=O)NCC(F)(F)F)c4)cnn3c2)cn1
CHEMBL4552628,4,Cc1sc(C(=O)N[C@@H]2[C@H](N)CCCC2(F)F)cc1-c1cnn2cc(Cl)cnc12
CHEMBL455343,5.161150909,CC(=O)Nc1cccc(-c2ccnc(Nc3ccc(O)cc3)n2)c1
CHEMBL4558162,5,Cc1ccc2c(c1)nc(CCN1C(=O)c3cccc4cccc(c34)C1=O)n2-c1ccncc1
CHEMBL456294,4,Cc1ccc(O)cc1CC[C@@H]1C(=O)CC[C@@]2(C)[C@H]1C[C@H](O)[C@@H]2[C@H](C)CCCC(C)C
CHEMBL4566834,7.805208242,CC[C@@H]1C(=O)N(C)c2cnc(Nc3ccc(C(=O)NC)cc3OCCO)nc2N1C1CCCC1
CHEMBL4568087,5,Cn1cc(-c2cnc3c(-c4csc(C(=O)N[C@@H]5CCCC[C@@H]5N)c4)cnn3c2)cn1
CHEMBL456936,4,Cc1ccc(O)cc1CC[C@@H]1C(=O)CC[C@@]2(C)[C@H]1CC[C@@H]2[C@H](C)CCCC(C)C
CHEMBL4569508,4.259637311,O=C(NCC(F)(F)F)c1cc(-c2cnn3cc(-c4ccc(OCCN5CCCCC5)cc4)cnc23)cs1
CHEMBL4570557,8.097453221,CCNC(=O)c1cc(OCCO)c(Nc2ncc3c(n2)N(C2CCCC2)[C@H](CC)C(=O)N3C)cc1F
CHEMBL4573833,7.698970004,CC[C@@H]1C(=O)N(C)c2cnc(Nc3cc(F)c(C(=O)NCCN4CCOCC4)cc3OCCO)nc2N1C1CCCC1
CHEMBL4574072,7.389978975,CCCNC(=O)c1ccc(Nc2ncc3c(n2)N(C2CCCC2)[C@H](CC)C(=O)N3C)c(OCCO)c1
CHEMBL4574255,7.518414064,CC[C@@H]1C(=O)N(C)c2cnc(Nc3ccc(C(=O)NC4CC4)cc3OCCO)nc2N1C1CCCC1
CHEMBL4576641,7.673459331,CC[C@@H]1C(=O)N(C)c2cnc(Nc3ccc(C(=O)NCCN4CCN(C)CC4)cc3OCCO)nc2N1C1CCCC1
CHEMBL4583439,5.602059991,NC(=O)c1sc2c([n+]1[O-])C(SC[C@H](N)C(=O)O)C(C(F)(F)F)=CC2[N+](=O)[O-]
CHEMBL4587599,6.462558717,CC[C@@H]1C(=O)N(C)c2cnc(Nc3ccc(C(=O)NC4CCCC4)cc3OCCOC)nc2N1C1CCCC1
CHEMBL4588843,5.744727495,CCOc1cc(C2CCN(C)CC2)ccc1Nc1ncc2c(n1)N(Cc1cccc(C#N)c1)[C@H](CC)C(=O)N2C
CHEMBL4592698,7.854803594,CC[C@@H]1C(=O)N(C)c2cnc(Nc3ccc(C(=O)NC4CCCC4)cc3OC)nc2N1C1CCCC1
CHEMBL4634634,4,C[C@@H]1C[C@H]1C(=O)N1CCN(c2cnc(C#N)c(-c3cnn(C)c3)n2)C[C@H]1C
CHEMBL464351,4,Cc1ccc(O)cc1CC[C@H]1[C@@H]2C[C@H](O)[C@H]([C@H](C)CCCC(C)C)[C@@]2(C)CC[C@H]1O
CHEMBL466154,4.12090412,Cc1cc(O)cc2oc3cc(O)cc(O)c3c(=O)c12
CHEMBL471789,7.070581074,COc1cc2ncn(-c3cc(OCc4ccccc4C(F)(F)F)c(C(C)=O)s3)c2cc1OC
CHEMBL471816,7.096910013,COc1cc(Nc2ncc3c(C)nc(-c4ccc(F)cc4)n3n2)cc(OC)c1OC
CHEMBL473420,6,COC(=O)c1sc(-n2cnc3cc(OC)c(OC)cc32)cc1OCc1ccccc1C(F)(F)F
CHEMBL473629,6.886056648,COc1cc2ncn(-c3cc(OCCc4ccccc4)c(C(N)=O)s3)c2cc1OC
CHEMBL473630,7.468521083,COc1cc2ncn(-c3cc(OCC4CCCC4)c(C(N)=O)s3)c2cc1OC
CHEMBL474028,8.698970004,COc1cc2ncn(-c3cc(OCc4ccccc4Br)c(C(N)=O)s3)c2cc1OC
CHEMBL474029,8.22184875,COc1cc2ncn(-c3cc(OCc4ccccc4C#N)c(C(N)=O)s3)c2cc1OC
CHEMBL474053,8.301029996,COc1cc2ncn(-c3cc(OCc4ccccc4OC(F)(F)F)c(C(N)=O)s3)c2cc1OC
CHEMBL474054,8.096910013,COc1ccccc1COc1cc(-n2cnc3cc(OC)c(OC)cc32)sc1C(N)=O
CHEMBL474432,8.698970004,COc1cc2ncn(-c3cc(OCc4ccccc4C(F)(F)F)c(C(=O)O)s3)c2cc1OC
CHEMBL474437,7.455931956,COc1ccc(COc2cc(-n3cnc4ccccc43)sc2C(N)=O)cc1
CHEMBL474603,7.920818754,NC(=O)c1sc(-n2cnc3ccccc32)cc1OCc1ccccc1Cl
CHEMBL474843,8.698970004,COc1ccc2ncn(-c3cc(OCc4ccccc4C(F)(F)F)c(C(N)=O)s3)c2c1
CHEMBL475215,7.508638306,COc1cc2ncn(-c3cc(OCc4ccccc4S(C)(=O)=O)c(C(N)=O)s3)c2cc1OC
CHEMBL475597,7.920818754,COc1ccccc1COc1cc(-n2cnc3ccccc32)sc1C(N)=O
CHEMBL475616,7.508638306,COc1cc2ncn(-c3cc(OCc4cccc(N(C)C)c4)c(C(N)=O)s3)c2cc1OC
CHEMBL475762,6.886056648,COc1cc2ncn(-c3cc(OCc4ccncc4)c(C(N)=O)s3)c2cc1OC
CHEMBL475763,7.853871964,COc1cc2ncn(-c3cc(OCc4ccnc(Br)c4)c(C(N)=O)s3)c2cc1OC
CHEMBL475783,7.677780705,COc1cc2ncn(-c3cc(OCc4cccc(N)c4)c(C(N)=O)s3)c2cc1OC
CHEMBL475817,4.522878745,Nc1ncc(NC(=O)c2cc(NC(=O)c3cccc(C(F)(F)F)c3)ccc2Cl)cc1Cl
CHEMBL475857,7.920818754,COc1cc2ncn(-c3cc(OCc4ccccc4)c(C(N)=O)s3)c2cc1OC
CHEMBL475881,7.387216143,CCN(CC)CCNC(=O)c1c[nH]c2ccc(N/C=c3/s/c(=C(/C#N)C(=O)NCC(F)(F)F)n(CC)c3=O)cc12
CHEMBL47590,5,CNc1nc(C)c(-c2ccnc(Nc3ccc(O)cc3)n2)s1
CHEMBL475946,6.462180905,CCNC(=O)/C(C#N)=c1\s/c(=C/Nc2cccc(C(=O)NCCCN3CCCC3)c2)c(=O)n1CC
CHEMBL475947,6.30980392,FC(F)(F)c1ccc(Nc2nc(NCc3cccnc3)ncc2-c2nn[nH]n2)cc1
CHEMBL476123,5.795880017,CCCN(CC1CC1)c1nc(NCc2ccc3c(c2)OCO3)ncc1C#N
CHEMBL476124,5.838631998,NC(=O)c1sc2c([N+](=O)[O-])cc(C(F)(F)F)cc2[n+]1[O-]
CHEMBL476125,5.107905397,Nc1cccc(-c2ccnc(Nc3ccc(O)cc3)n2)c1
CHEMBL476136,7,CCn1c(=O)/c(=C\Nc2ccc(CCN3CCCC3)cc2)s/c1=C(/C#N)C(=O)NCC(F)(F)F
CHEMBL476137,6.795880017,CCOC(=O)/C(C#N)=c1\s/c(=C/Nc2ccccc2F)c(=O)n1CC
CHEMBL476138,6.568636236,CCn1c(=O)/c(=C\Nc2ccccc2)s/c1=C(/C#N)C(=O)N1CCCC1
CHEMBL476145,6.017728767,CC(C)(C)c1ccc(Nc2nc(NCc3cccnc3)ncc2-c2nn[nH]n2)cc1
CHEMBL476146,5.982966661,c1csc(CCNc2ncc(-c3nn[nH]n3)c(Nc3ccc4c(c3)OCCO4)n2)c1
CHEMBL476575,7.091514981,CCOC(=O)/C(C#N)=c1\s/c(=C/Nc2ccc(C(C)=O)cc2)c(=O)n1CC
CHEMBL476782,6.721246399,CCn1c(=O)/c(=C\Nc2cccc(NC(=O)C(C)(C)C)c2)s/c1=C(/C#N)C(=O)NC1(CO)CCCC1
CHEMBL477393,6.259637311,CCCN(CC1CC1)c1nc(NC(C)c2ccccc2)ncc1C#N
CHEMBL477407,7.638272164,C=CCOC(=O)/C(C#N)=C1\S[C@@H](CNc2ccc(NC(=O)NCCN3CCCC3)cc2)C(=O)N1CC
CHEMBL477408,7.468521083,C=CCOC(=O)/C(C#N)=C1\SC(CNc2ccc(C(C)=O)cc2)C(=O)N1CC
CHEMBL477604,6.236572006,COc1cccc(Nc2nc(NC(C)c3ccccc3)ncc2C#N)c1
CHEMBL477605,6.124938737,CC(Nc1ncc(C#N)c(N2CCc3ccccc3C2)n1)c1ccccc1
CHEMBL477615,7.443697499,CCCOC(=O)/C(C#N)=c1\s/c(=C/Nc2ccc(O)cc2)c(=O)n1CC
CHEMBL477616,7.431798276,CCOC(=O)/C(C#N)=c1\s/c(=C/Nc2ccc(NC(=O)NCCN3CCCC3)cc2)c(=O)n1CC
CHEMBL478028,6.91721463,Cc1nn(-c2cccc(Cl)c2)c2cc(N[C@@H](C)c3ccccc3)ncc12
CHEMBL478649,4.602059991,Cc1ccc(C(=O)NC2CC2)cc1-c1ccc(C(=O)NCC2CC2)cc1
CHEMBL478654,6.48148606,CC(=O)N(C)c1cccc(Nc2nc(NCCc3cccs3)ncc2-c2nn[nH]n2)c1
CHEMBL478892,5.795880017,CC(Nc1ncc(C#N)c(OCC2CCCCO2)n1)c1ccccc1
CHEMBL480371,6.522878745,NC(=O)c1sc(-n2cnc3cc(C(F)(F)F)ccc32)cc1OCc1ccccc1Br
CHEMBL480382,7.958607315,COc1cc2ncn(-c3cc(OCc4cccs4)c(C(N)=O)s3)c2cc1OC
CHEMBL480383,7.769551079,COc1cc2ncn(-c3cc(OCc4ccsc4)c(C(N)=O)s3)c2cc1OC
CHEMBL480545,8.698970004,COc1cc2ncn(-c3cc(OCc4sccc4Cl)c(C(N)=O)s3)c2cc1OC
CHEMBL481156,7,NC(=O)c1sc(-n2cnc3ccccc32)cc1OCc1ccc(Cl)cc1
CHEMBL481491,7.602059991,NC(=O)c1sc(-n2cnc3ccccc32)cc1OCc1ccccc1C(F)(F)F
CHEMBL481492,7.677780705,Cc1ccccc1COc1cc(-n2cnc3cc(Cl)ccc32)sc1C(N)=O
CHEMBL481510,8.045757491,NC(=O)c1sc(-n2cnc3ccc(C(F)(F)F)cc32)cc1OCc1ccccc1Br
CHEMBL481724,7.214670165,NC(=O)c1sc(-n2cnc3ccccc32)cc1OCc1ccccc1
CHEMBL482151,8.22184875,COc1cc2ncn(-c3cc(OCc4ccccc4C(F)(F)F)c(C(N)=S)s3)c2cc1OC
CHEMBL482326,6,COc1cc2ncn(-c3cc(OCc4ccccc4C(F)(F)F)c(C(=O)N(C)C)s3)c2cc1OC
CHEMBL482349,7.568636236,COc1cc2ncn(-c3cc(OCc4ccco4)c(C(N)=O)s3)c2cc1OC
CHEMBL484473,7.677780705,Cc1nn(-c2cc(Cl)cc(CCC(=O)O)c2)c2cc(N[C@@H](C)c3ccccc3)ncc12
CHEMBL485285,4.602059991,Cc1ccc(C(=O)Nc2cccc(N3CCOCC3)c2)cc1-c1ccc2c(C3CCNCC3)noc2c1
CHEMBL485286,4.602059991,Cc1ccc(NC(=O)c2ccnc(N3CCCC3)c2)cc1-c1ccc2c(C3CCNCC3)noc2c1
CHEMBL485295,6.647817482,Cc1nn(-c2cccc(S(C)(=O)=O)c2)c2cc(N[C@@H](C)c3ccccc3)ncc12
CHEMBL485496,6.19314197,Cc1nn(-c2cc(Cl)cc(Cl)c2)c2cc(N[C@@H](C)c3ccccc3)ncc12
CHEMBL485497,6.562249437,Cc1nn(-c2cc(Cl)cc(Br)c2)c2cc(N[C@@H](C)c3ccccc3)ncc12
CHEMBL486123,5,Cc1nc(-c2ccccc2)n2nc(NCCc3ccncc3)ncc12
CHEMBL486124,5,Cc1nc(-c2ccccc2)n2nc(NCCCN3CCOCC3)ncc12
CHEMBL486346,5,Cc1nc(-c2ccccc2)n2nc(Nc3cccc(C(F)(F)F)c3)ncc12
CHEMBL486367,5.974694135,COc1cc(Nc2ncc3c(C)nc(-c4ccc(C(F)(F)F)cc4)n3n2)cc(OC)c1OC
CHEMBL486550,5.55129368,Cc1nc(-c2ccccc2)n2nc(Nc3ccc([N+](=O)[O-])cc3)ncc12
CHEMBL486551,5.562249437,Cc1nc(-c2ccccc2)n2nc(Nc3ccc(S(N)(=O)=O)cc3)ncc12
CHEMBL486966,5.247183569,COc1ccccc1-c1nc(C)c2cnc(Nc3cc(OC)c(OC)c(OC)c3)nn12
CHEMBL487574,5.70333481,COc1cc(Nc2ncc3c(C)nc(-c4ccccc4[N+](=O)[O-])n3n2)cc(OC)c1OC
CHEMBL487776,5,Cc1nc(-c2ccccc2)n2nc(NC3CCCCC3)ncc12
CHEMBL487976,5.920818754,Cc1nc(-c2ccccc2)n2nc(Nc3ccccc3)ncc12
CHEMBL487977,6.522878745,COc1cccc(Nc2ncc3c(C)nc(-c4ccccc4)n3n2)c1
CHEMBL489083,5.004364805,N=C(N)SCCCn1c(=O)c2c(c1=O)n1c3ccccc3cc1c1cccc3ccn2c31
CHEMBL489992,6.260427656,Cc1cccc(-c2noc3cnc(N[C@@H](C)c4ccccc4)cc23)c1
CHEMBL489993,6.48148606,Cc1cc(C)cc(-c2noc3cnc(N[C@@H](C)c4ccccc4)cc23)c1
CHEMBL490814,7.004364805,C[C@H](Nc1cc2c(-c3cc(Cl)cc(CCCO)c3)noc2cn1)c1ccccc1
CHEMBL490992,5.521866572,C[C@H](Nc1cc2c(-c3cccs3)noc2cn1)c1ccccc1
CHEMBL491021,7.292429824,C[C@H](Nc1cc2c(-c3cc(Cl)cc(CCC(N)=O)c3)noc2cn1)c1ccccc1
CHEMBL491022,4.698970004,C[C@H](Nc1cc2c(Cc3ccccc3)noc2cn1)c1ccccc1
CHEMBL491193,5.244964066,CC1CCCCC1c1noc2cnc(N[C@@H](C)c3ccccc3)cc12
CHEMBL491621,5.307417438,COc1ccc(-c2noc3cnc(N[C@@H](C)c4ccccc4)cc23)cc1OC
CHEMBL491850,5.830913643,Cc1nn(-c2cccc(C(C)C)c2)c2cc(N[C@@H](C)c3ccccc3)ncc12
CHEMBL492008,5,N#Cc1cc([N+](=O)[O-])c2sc(C(N)=O)[n+]([O-])c2c1
CHEMBL492009,4.408935393,O=[N+]([O-])c1cc(C(F)(F)F)cc2c1sc(O)[n+]2[O-]
CHEMBL492055,6.010105436,Cc1nn(-c2cccc(N(C)C)c2)c2cc(N[C@@H](C)c3ccccc3)ncc12
CHEMBL492251,5,COc1ccc(-c2cncc(C#N)c2Nc2ccc3[nH]ccc3c2)cc1OC
CHEMBL493326,9,COc1ccc2ncn(-c3cc(O[C@H](C)c4ccccc4Cl)c(C(N)=O)s3)c2c1
CHEMBL495729,4.602059991,Cc1nnc(-c2ccc(-c3cc(NC(=O)c4ccnc(N5CCCC5)c4)ccc3C)c(C)c2)o1
CHEMBL495926,5.227091805,COc1cccc(-n2nc(C)c3cnc(N[C@@H](C)c4ccccc4)cc32)c1
CHEMBL496125,5.345246067,Cc1nn(-c2ccccc2F)c2cc(N[C@@H](C)c3ccccc3)ncc12
CHEMBL496129,4.602059991,Cc1ccc(NC(=O)c2ccc(CN3CCN(C)CC3)cc2)cc1-c1ccc(-c2csc(N)n2)cc1
CHEMBL496337,7.37675071,Cc1nn(-c2ccccc2C(N)=O)c2cc(N[C@@H](C)c3ccccc3)ncc12
CHEMBL496954,5.114356128,Cc1ccccc1-n1nc(C)c2cnc(N[C@@H](C)c3ccccc3)cc21
CHEMBL497158,6.324221658,Cc1cccc(-n2nc(C)c3cnc(N[C@@H](C)c4ccccc4)cc32)c1
CHEMBL497159,4.840102099,COc1ccccc1-n1nc(C)c2cnc(N[C@@H](C)c3ccccc3)cc21
CHEMBL497167,6.684029655,CC(=O)Nc1ccccc1-c1cc(Cl)cc(-n2nc(C)c3cnc(N[C@@H](C)c4ccccc4)cc32)c1
CHEMBL497350,4.602059991,Cc1nnc(-c2ccc(-c3cc(NC(=O)c4ccc(CN5CCN(C)CC5)cc4)ccc3C)c(C)c2)o1
CHEMBL497353,4.602059991,Cc1ccc(NC(=O)c2ccc(CN3CCN(C)CC3)cc2)cc1-c1ccc2c(N)noc2c1
CHEMBL497563,4.602059991,Cc1ccc(C(=O)NC2CC2)cc1-c1ccc2c(C3CCNCC3)noc2c1
CHEMBL497949,5,NC(=O)c1ccc2c(c1)NC(=O)/C2=C(\Nc1ccc(CN2CCCCC2)cc1)c1ccccc1
CHEMBL498189,5.489320969,Cc1nn(-c2ccc(F)cc2)c2cc(N[C@@H](C)c3ccccc3)ncc12
CHEMBL498190,7.318758763,Cc1nn(-c2cc(Cl)cc(CCC(=O)NCCO)c2)c2cc(N[C@@H](C)c3ccccc3)ncc12
CHEMBL498191,7.229147988,Cc1nn(-c2cc(Cl)cc(CCCN)c2)c2cc(N[C@@H](C)c3ccccc3)ncc12
CHEMBL50,4.457485784,O=c1c(O)c(-c2ccc(O)c(O)c2)oc2cc(O)cc(O)c12
CHEMBL503480,7.337242168,CCOC(=O)/C(C#N)=c1\s/c(=C/Nc2cccc(C)c2)c(=O)n1CC
CHEMBL504667,5.060480747,Clc1ccc(Nc2nccc(-c3cccc(Cl)c3)n2)cc1
CHEMBL505637,5.408935393,O=C(NCCc1ccc(O)c(Br)c1)/C(Cc1cc(Br)c(O)c(-c2cc(C/C(=N/O)C(=O)NCCc3ccc(O)c(Br)c3)cc(Br)c2O)c1)=N\O
CHEMBL507146,5.698970004,O=C1C(C2=C3C(=Nc4ccccc43)/C(=C\c3ccc(O)cc3)C2=O)=C2C(=Nc3ccccc32)/C1=C\c1ccc(O)cc1
CHEMBL507529,7.301029996,C[C@H](Nc1cc2c(cn1)cnn2-c1ccccc1C(N)=O)c1ccccc1
CHEMBL508139,6.385102784,Cc1nn(-c2cccc(C#N)c2)c2cc(N[C@@H](C)c3ccccc3)ncc12
CHEMBL508763,7.853871964,NC(=O)c1sc(-n2cnc3ccccc32)cc1OCc1ccccc1F
CHEMBL513909,8.332547047,CC[C@@H]1C(=O)N(C)c2cnc(Nc3ccc(C(=O)NC4CCN(C)CC4)cc3OC)nc2N1C1CCCC1
CHEMBL514040,7.004364805,COc1cc2ncn(-c3cc(OCc4cccc(C#N)c4)c(C(N)=O)s3)c2cc1OC
CHEMBL514162,8.698970004,COc1cc2ncn(-c3cc(OCc4ccccc4Cl)c(C(N)=O)s3)c2cc1OC
CHEMBL514371,7.148741651,C#CNC(=O)/C(C#N)=c1\s/c(=C/Nc2ccc(OCCN(C)C)cc2)c(=O)n1CC
CHEMBL514499,8.698970004,COc1cc2ncn(-c3cc(OCc4ccccc4C(F)(F)F)c(C(N)=O)s3)c2cc1OC
CHEMBL514634,7.769551079,COc1cc2ncn(-c3cc(OCc4ccccc4C(C)=O)c(C(N)=O)s3)c2cc1OC
CHEMBL514643,7.886056648,COc1ccc(COc2cc(-n3cnc4cc(OC)c(OC)cc43)sc2C(N)=O)cc1
CHEMBL514826,7.920818754,CS(=O)(=O)c1ccc2ncn(-c3cc(OCc4ccccc4C(F)(F)F)c(C(N)=O)s3)c2c1
CHEMBL514968,8.096910013,COc1ccc2c(c1)ncn2-c1cc(OCc2ccccc2C(F)(F)F)c(C(N)=O)s1
CHEMBL515457,7.13076828,CCn1c(=O)/c(=C\Nc2ccc(OCCN(C)C)cc2)s/c1=C(/C#N)C(=O)NCC(F)F
CHEMBL515982,4,C=C(CC[C@@H](C)[C@H]1CC[C@H]2[C@H](CCc3cc(O)ccc3C)[C@H](O)CC[C@@]21C)C(C)C
CHEMBL516110,6.27572413,CN1CCN(c2ccc(C(=O)Nc3n[nH]c4c3CN(C(=O)Cc3cccs3)C4)cc2)CC1
CHEMBL516248,7.552841969,COc1cccc(COc2cc(-n3cnc4ccccc43)sc2C(N)=O)c1
CHEMBL516362,7.214670165,COc1cc2ncn(-c3cc(OCCCc4ccccc4)c(C(N)=O)s3)c2cc1OC
CHEMBL516429,5,N[C@H](COc1cncc(-c2cc3ccncc3s2)c1)Cc1c[nH]c2ccccc12
CHEMBL516582,6.301029996,CCOC(=O)/C(C#N)=c1\s/c(=C/Nc2ccc(NC(=O)COC)cc2)c(=O)n1CC
CHEMBL517956,4,Cc1ccc(O)cc1CC[C@H]1[C@@H]2CC[C@H]([C@H](C)CCCC(C)C)[C@@]2(C)CC[C@H]1O
CHEMBL518060,4,Cc1ccc(O)cc1CC[C@@H]1C(=O)CC[C@@]2(C)[C@H]1CC[C@@H]2[C@H](C)/C=C/CC(C)C
CHEMBL518265,5.187086643,O=[N+]([O-])c1ccc(Nc2nccc(-c3cccc([N+](=O)[O-])c3)n2)cc1
CHEMBL518916,5.573488739,COc1cc(Nc2ncc3c(C)nc(-c4ccccc4Br)n3n2)cc(OC)c1OC
CHEMBL518953,7.958607315,NC(=O)c1sc(-n2cnc3ccccc32)cc1OCc1ccccc1Br
CHEMBL518956,7.920818754,Cc1ccccc1COc1cc(-n2cnc3ccccc32)sc1C(N)=O
CHEMBL518968,6,CNC(=O)c1sc(-n2cnc3cc(OC)c(OC)cc32)cc1OCc1ccccc1C(F)(F)F
CHEMBL519120,8.397940009,Cc1ccccc1COc1cc(-n2cnc3ccc(Cl)cc32)sc1C(N)=O
CHEMBL519224,5,Cc1nc(-c2ccccc2)n2nc(N)ncc12
CHEMBL519225,5.823908741,Cc1nc(-c2ccccc2)n2nc(NCc3ccccc3)ncc12
CHEMBL519257,6.167491087,COc1ccc(Nc2ncc3c(C)nc(-c4ccccc4)n3n2)cc1
CHEMBL519286,6.721246399,COc1cc2ncn(-c3cc(OCc4ccoc4)c(C(N)=O)s3)c2cc1OC
CHEMBL519289,6.602059991,CS(=O)(=O)c1ccc2c(c1)ncn2-c1cc(OCc2ccccc2C(F)(F)F)c(C(N)=O)s1
CHEMBL519375,7.15490196,COc1cc(Nc2ncc3c(C)nc(-c4cccc(Br)c4)n3n2)cc(OC)c1OC
CHEMBL519715,7.397940009,COc1cc(Nc2ncc3c(C)nc(-c4ccccc4)n3n2)cc(OC)c1OC
CHEMBL519858,6.826813732,Cc1cc(C)cc(-n2nc(C)c3cnc(N[C@@H](C)c4ccccc4)cc32)c1
CHEMBL519880,6.387216143,COc1cc(Nc2ncc3c(C)nc(-c4cccc(C(=O)c5ccccc5)c4)n3n2)cc(OC)c1OC
CHEMBL519881,6.301029996,COc1cc(Nc2ncc3c(C)nc(-c4cccc(Oc5ccccc5)c4)n3n2)cc(OC)c1OC
CHEMBL520037,7.522878745,COc1cc(Nc2ncc3c(C)nc(-c4cccc(C(F)(F)F)c4)n3n2)cc(OC)c1OC
CHEMBL520080,7.769551079,COc1cc2ncn(-c3cc(OCC4CCCCC4)c(C(N)=O)s3)c2cc1OC
CHEMBL520284,7.13667714,COc1cc2ncn(-c3cc(OCc4ccccc4C(F)(F)F)c(-c4nnn[nH]4)s3)c2cc1OC
CHEMBL520692,6.420216403,Cc1nc(-c2ccccc2)n2nc(Nc3ccc(OCCN(C)C)cc3)ncc12
CHEMBL521204,7.045757491,COc1ccc(Nc2ncc3c(C)nc(-c4ccccc4)n3n2)cc1OC
CHEMBL521734,4.602059991,Cc1ccc(C(=O)NC2CC2)cc1-c1ccc2c(=O)n(CC3CC3)nnc2c1
CHEMBL521761,5.931814138,Cc1ccc(-c2noc3cnc(N[C@@H](C)c4ccccc4)cc23)cc1
CHEMBL521806,7.522878745,COc1cc2ncn(-c3cc(O[C@@H](C)c4ccccc4Cl)c(C(N)=O)s3)c2cc1OC
CHEMBL521887,4.602059991,Cc1ccc(NC(=O)c2ccc(CN3CCN(C)CC3)cc2)cc1-c1ccc2ccncc2c1
CHEMBL522011,4.920818754,CNc1nc2c(nc(-c3ccccc3)n2C)c2c1ncn2C
CHEMBL522125,5.126156467,C[C@H](Nc1cc2c(C3CCCN(CCC(N)=O)C3)noc2cn1)c1ccccc1
CHEMBL522392,6.333482019,Cc1nn(-c2cccc(F)c2)c2cc(N[C@@H](C)c3ccccc3)ncc12
CHEMBL522579,4.602059991,Cc1nnc(-c2ccc(-c3cc(C(=O)NC4CC4)ccc3C)c(C)c2)o1
CHEMBL522618,6.669586227,C[C@H](Nc1cc2c(-c3ccc4c(c3)OCO4)noc2cn1)c1ccccc1
CHEMBL522709,8.522878745,COc1ccc2ncn(-c3cc(O[C@H](C)c4ccccc4C(F)(F)F)c(C(N)=O)s3)c2c1
CHEMBL523233,6.153044675,COc1ccc(-n2nc(C)c3cnc(N[C@@H](C)c4ccccc4)cc32)cc1
CHEMBL523286,6.204119983,C[C@H](Nc1cc2c(-c3cccc(Cl)c3)noc2cn1)c1ccccc1
CHEMBL523423,5.344093582,Cc1ccc(-n2nc(C)c3cnc(N[C@@H](C)c4ccccc4)cc32)cc1
CHEMBL523487,4.251811973,O=C(c1sc2c([N+](=O)[O-])cc(C(F)(F)F)cc2[n+]1[O-])N1CCCC1
CHEMBL523559,4.602059991,Cc1nnc(-c2ccc(-c3cc(C(=O)Nc4cccc(N5CCOCC5)c4)ccc3C)c(C)c2)o1
CHEMBL523634,6.108462542,Cc1cscc1-c1noc2cnc(N[C@@H](C)c3ccccc3)cc12
CHEMBL524266,6.241088108,Nc1nccc(-c2cc3c([nH]2)[C@@H](CCF)CNC3=O)n1
CHEMBL525907,5.885722703,Cc1nn(-c2ccccc2)c2cc(N[C@@H](C)c3ccccc3)ncc12
CHEMBL525911,7.494850022,Cc1nn(-c2cc(Cl)cc(CCC(N)=O)c2)c2cc(N[C@@H](C)c3ccccc3)ncc12
CHEMBL526639,4.602059991,Cc1ccc(C(=O)NC2CC2)cc1-c1ccc2ccncc2c1
CHEMBL526709,4.863279433,CNc1cccc(-c2ccnc(Nc3ccc(O)cc3)n2)c1
CHEMBL535,5,CCN(CC)CCNC(=O)c1c(C)[nH]c(/C=C2\C(=O)Nc3ccc(F)cc32)c1C
CHEMBL550338,5.522878745,NC(=O)c1sc(-c2cnc(Nc3ccccc3)s2)cc1OCc1ccccc1C(F)(F)F
CHEMBL550475,7.920818754,C[C@@H](Oc1cc(-c2cnc3ccccn23)sc1C(N)=O)c1ccc(CN2CCNC(=O)C2)cc1Cl
CHEMBL550741,6.522878745,C[C@H](Oc1cc(-c2cnc3ccccn23)sc1C(N)=O)c1ccccc1Cl
CHEMBL551078,7.698970004,C[C@@H](Oc1cc(-c2cnc3ccccn23)sc1C(N)=O)c1ccc(CNC(C)(C)C)cc1C(F)F
CHEMBL551079,8.008773924,C[C@@H](Oc1cc(-c2cnc3ccccn23)sc1C(N)=O)c1ccc(CNC(C)(C)C)cc1OC(F)F
CHEMBL551483,7.677780705,CCNCc1ccc([C@@H](C)Oc2cc(-c3cnc4ccccn34)sc2C(N)=O)c(Cl)c1
CHEMBL551545,7.677780705,C[C@@H](Oc1cc(-c2cnc3ccccn23)sc1C(N)=O)c1ccc(CNC(C)(C)C)cc1Cl
CHEMBL552084,7.721246399,C[C@@H](Oc1cc(-c2cnc3ccccn23)sc1C(N)=O)c1ccc(CNCCCO)cc1Cl
CHEMBL552348,7.795880017,C[C@@H](Oc1cc(-c2cnc3ccccn23)sc1C(N)=O)c1ccc(CN2CCS(=O)(=O)CC2)cc1Cl
CHEMBL553,4,C#Cc1cccc(Nc2ncnc3cc(OCCOC)c(OCCOC)cc23)c1
CHEMBL555970,7.795880017,CNCc1ccc([C@@H](C)Oc2cc(-c3cnc4ccccn34)sc2C(N)=O)c(Cl)c1
CHEMBL557126,7.769551079,C[C@@H](Oc1cc(-c2cnc3ccccn23)sc1C(N)=O)c1ccc(CN2CCN(C)CC2)cc1Cl
CHEMBL557735,6.823908741,Cc1cc(CNC(C)(C)C)ccc1[C@@H](C)Oc1cc(-c2cnc3ccccn23)sc1C(N)=O
CHEMBL557878,6.366531544,Cn1cncc1-c1cc(OCc2ccccc2C(F)(F)F)c(C(N)=O)s1
CHEMBL557945,7.408935393,CC(Oc1cc(-c2cnc3ccccn23)sc1C(N)=O)c1cc(CO)ccc1Cl
CHEMBL558074,5.677780705,NC(=O)c1sc(-c2cnc(NC(=O)c3ccccc3)s2)cc1OCc1ccccc1C(F)(F)F
CHEMBL559639,5,Cn1nc(C(=O)NC2CC2)c2c1-c1nc(Nc3ccccc3)ncc1CC2
CHEMBL559845,7.167491087,Cn1nc(C(N)=O)c2c1-c1nc(Nc3ccccc3)ncc1CC2
CHEMBL559888,7.337242168,C[C@@H](Oc1cc(-c2cnc3ccccn23)sc1C(N)=O)c1ccc(CNC(C)(C)C)cc1F
CHEMBL559891,6.886056648,NC(=O)c1sc(-c2cnn3ccccc23)cc1OCc1ccccc1C(F)(F)F
CHEMBL560014,8.15490196,C[C@@H](Oc1cc(-c2cnc3ccccn23)sc1C(N)=O)c1ccccc1Cl
CHEMBL560206,7.055517328,C[C@@H](Oc1cc(-c2cnc3ccccn23)sc1C(N)=O)c1ccccc1CO
CHEMBL560488,8.30980392,C[C@@H](Oc1cc(-c2cnc3ccccn23)sc1C(N)=O)c1ccc(CO)cc1Cl
CHEMBL560808,7.552841969,CC(C)NCc1ccc([C@@H](C)Oc2cc(-c3cnc4ccccn34)sc2C(N)=O)c(Cl)c1
CHEMBL561286,7.920818754,C[C@@H](Oc1cc(-c2cnc3ccccn23)sc1C(N)=O)c1ccc(CNC2CC2)cc1Cl
CHEMBL562030,5,Cn1nc(C(=O)NCc2ccccc2)c2c1-c1nc(Nc3ccccc3)ncc1CC2
CHEMBL562104,5.375202421,CNC(=O)c1nn(C)c2c1CCc1cnc(Nc3ccccc3)nc1-2
CHEMBL562764,7.455931956,NC(=O)c1sc(-c2cnc3ccccn23)cc1OCc1ccccc1Cl
CHEMBL563028,5,Cn1nc(C(=O)NC2CCCC2)c2c1-c1nc(Nc3ccccc3)ncc1CC2
CHEMBL563150,5,Cn1nc(C(=O)Nc2ccccc2)c2c1-c1nc(Nc3ccccc3)ncc1CC2
CHEMBL563363,7.677780705,C[C@@H](Oc1cc(-c2cnc3ccccn23)sc1C(N)=O)c1ccc(CNCCO)cc1Cl
CHEMBL563387,7.657577319,C[C@@H](Oc1cc(-c2cnc3ccccn23)sc1C(N)=O)c1ccc(CN(C)C)cc1Cl
CHEMBL563411,7.638272164,C[C@@H](Oc1cc(-c2cnc3ccccn23)sc1C(N)=O)c1ccc(CNC(C)(C)CO)cc1Cl
CHEMBL563447,8.13667714,C[C@@H](Oc1cc(-c2cnc3ccc(CO)cn23)sc1C(N)=O)c1ccccc1Cl
CHEMBL563469,7.886056648,C[C@@H](Oc1cc(-c2cnc3ccccn23)sc1C(N)=O)c1ccc(CN2CCC(F)CC2)cc1Cl
CHEMBL563989,6.677780705,C[C@@H](Oc1cc(-c2cnc3ccccn23)sc1C(N)=O)c1ccc(CNC(C)(C)C)cc1C1CC1
CHEMBL564067,7.568636236,C[C@@H](Oc1cc(-c2cnc3ccccn23)sc1C(N)=O)c1ccc(CN2CCC(O)CC2)cc1Cl
CHEMBL564431,7.657577319,NC(=O)c1sc(-c2cnc3ccccn23)cc1OCc1ccccc1C(F)(F)F
CHEMBL564529,7.602059991,C[C@@H](Oc1cc(-c2cnc3ccccn23)sc1C(N)=O)c1ccc(CNC2CCCC2)cc1Cl
CHEMBL564877,5.522878745,NC(=O)c1sc(-c2cnc(N)s2)cc1OCc1ccccc1C(F)(F)F
CHEMBL590109,5,NCCn1cc(-c2cc(-c3cc4ccccc4s3)c3[nH]ncc3c2)c2nc(N)ncc21
CHEMBL590769,4,O=C1Cc2cnc3ccnn3c2-c2ccccc2N1
CHEMBL591896,4,O=C1Cc2cnc3ccnn3c2-c2ncccc2N1
CHEMBL596598,4,COc1ccc2c(c1)NC(=O)Cc1cc3c(=O)n(C)c(=O)n(C)c3nc1-2
CHEMBL596807,4,O=C1Cc2cnc(Nc3ccc(Cl)cc3)nc2-c2ccccc2N1
CHEMBL596808,4,O=C1Cc2cnc(Nc3ccc([N+](=O)[O-])cc3)nc2-c2ccccc2N1
CHEMBL596988,5.602059991,COc1ccc(Nc2ncc3c(n2)-c2cnccc2NC(=O)C3)cc1
CHEMBL597005,4,COc1ccc2c(c1)NC(=O)Cc1cnc3ncnn3c1-2
CHEMBL597191,5.13667714,CCOc1ccc(Nc2ncc3c(n2)-c2ccc(OC)cc2NC(=O)C3)cc1
CHEMBL597207,4,O=C1Cc2cc3c(=O)[nH]c(=O)[nH]c3nc2-c2ccccc2N1
CHEMBL597393,6.853871964,COc1ccc2c(c1)NC(=O)Cc1cnc(Nc3ccc(OC)c(O)c3)nc1-2
CHEMBL597586,4,O=C1Cc2cnc(Nc3ccc(Br)cc3)nc2-c2ccccc2N1
CHEMBL597596,6.443697499,COc1ccc2c(c1)NC(=O)Cc1cnc(Nc3ccc(O)c(Cl)c3)nc1-2
CHEMBL597597,5.585026652,O=C1Cc2cnc(Nc3ccc(O)cc3)nc2-c2cnccc2N1
CHEMBL597754,5,CNC(=O)c1nn(C)c2c1CCc1cnc(NC3CCN(C(=O)C4CCN(S(C)(=O)=O)CC4)CC3)nc1-2
CHEMBL598000,5.031517051,O=C1Cc2cnc(Nc3ccc(O)c(Cl)c3)nc2-c2ccccc2N1
CHEMBL598024,4.823908741,O=C1Cc2cnc(Nc3ccc(I)cc3)nc2-c2ccccc2N1
CHEMBL598025,4.327902142,COc1ccc(Nc2ncc3c(n2)-c2ccccc2NC(=O)C3)cc1
CHEMBL598201,4.698970004,Cc1cc(O)ccc1Nc1ncc2c(n1)-c1ccccc1NC(=O)C2
CHEMBL598418,6.124938737,COc1ccc2c(c1)NC(=O)Cc1cnc(Nc3ccc(O)cc3)nc1-2
CHEMBL598431,4,O=C1Cc2cnc(Nc3ccc(O)c(Cl)c3)nc2-c2ncccc2N1
CHEMBL598434,4,O=C1Cc2cnc3cc(-c4ccccc4)nn3c2-c2cnccc2N1
CHEMBL598435,4,O=C1Cc2cnc3cc(-c4ccccc4)nn3c2-c2ncccc2N1
CHEMBL598633,4.259637311,O=C1Cc2cnc(Nc3ccc(O)cc3)nc2-c2ncccc2N1
CHEMBL598837,4,CCOc1ccc(Nc2ncc3c(n2)-c2ncccc2NC(=O)C3)cc1
CHEMBL599027,4,O=C1Cc2cnc(Nc3ccccc3Br)nc2-c2ccccc2N1
CHEMBL599055,4,Cn1c(=O)c2cc3c(nc2n(C)c1=O)-c1cnccc1NC(=O)C3
CHEMBL599056,4,Cn1c(=O)c2cc3c(nc2n(C)c1=O)-c1ncccc1NC(=O)C3
CHEMBL599224,5,CC(=O)N1CCC(Nc2ncc3c(n2)-c2c(c(C(N)=O)nn2C)CC3)CC1
CHEMBL599247,4,O=C1Cc2cnc3cc(-c4ccccc4)nn3c2-c2ccccc2N1
CHEMBL599248,4,COc1ccc2c(c1)NC(=O)Cc1cnc3ccnn3c1-2
CHEMBL599428,5,Cn1nc(C(N)=O)c2c1-c1nc(NC3CCN(C(=O)c4ccccc4)CC3)ncc1CC2
CHEMBL599446,5.853871964,O=C1Cc2cnc(Nc3ccc(O)c(Cl)c3)nc2-c2cnccc2N1
CHEMBL599666,4,COc1ccc2c(c1)NC(=O)Cc1cc3c(=O)[nH]c(=O)[nH]c3nc1-2
CHEMBL599844,4.13667714,O=C1Cc2cnc(Nc3ccccc3Cl)nc2-c2ccccc2N1
CHEMBL602043,5.638272164,O=C1Cc2cnc(Nc3cccc(O)c3)nc2-c2cnccc2N1
CHEMBL603255,4,O=C1Cc2cnc(Nc3ccccc3)nc2-c2ccccc2N1
CHEMBL603259,4.769551079,COc1ccc2c(c1)NC(=O)Cc1cnc3cc(-c4ccccc4)nn3c1-2
CHEMBL603481,4,Cn1c(=O)c2cc3c(nc2n(C)c1=O)-c1ccccc1NC(=O)C3
CHEMBL603545,4.853871964,O=C1Cc2cnc(Nc3ccccc3O)nc2-c2ccccc2N1
CHEMBL604087,5,COc1ccc(C(=O)NCc2cccc(C(=O)Nc3ccc4c(c3)CNCC4)c2)cc1OC
CHEMBL604545,4.721246399,O=C1Cc2cnc(Nc3cccc(O)c3)nc2-c2ccccc2N1
CHEMBL604712,5,CC(C)(C)C(=O)N1Cc2c(NC(=O)c3cc(F)cc(F)c3)n[nH]c2C1(C)C
CHEMBL604912,6.075720714,COc1ccc2c(c1)NC(=O)Cc1cnc(Nc3cccc(O)c3)nc1-2
CHEMBL605118,5.769551079,CCOc1ccc(Nc2ncc3c(n2)-c2cnccc2NC(=O)C3)cc1
CHEMBL605324,4,Cc1ccc(Nc2ncc3c(n2)-c2ccccc2NC(=O)C3)cc1
CHEMBL605841,4,O=C1Cc2cnc(Nc3ccc(O)cc3)nc2-c2ccccc2N1
CHEMBL606119,4,O=C1Cc2cc3c(=O)[nH]c(=O)[nH]c3nc2-c2cnccc2N1
CHEMBL606185,4,O=C1Cc2cnc(Nc3cccc(O)c3)nc2-c2ncccc2N1
CHEMBL606255,4,COc1ccc(Nc2ncc3c(n2)-c2ncccc2NC(=O)C3)cc1
CHEMBL606395,6.455931956,COc1ccc(Nc2ncc3c(n2)-c2ccc(OC)cc2NC(=O)C3)cc1
CHEMBL606410,4,CCOc1ccc(Nc2ncc3c(n2)-c2ccccc2NC(=O)C3)cc1
CHEMBL608427,4,O=C1Cc2cnc3ncnn3c2-c2ncccc2N1
CHEMBL610512,4,O=C1Cc2cc3c(=O)[nH]c(=O)[nH]c3nc2-c2ncccc2N1
CHEMBL6246,5.476253533,O=c1oc2c(O)c(O)cc3c(=O)oc4c(O)c(O)cc1c4c23
CHEMBL72365,5.337242168,O=C1Nc2ccc(I)cc2/C1=C/c1cc(Br)c(O)c(Br)c1
CHEMBL98350,5.688246139,O=c1cc(N2CCOCC2)oc2c(-c3ccccc3)cccc12
