,mol,smiles,pic50
0,CHEMBL476124,NC(=O)c1sc2c([N+](=O)[O-])cc(C(F)(F)F)cc2[n+]1[O-],5.838631998
1,CHEMBL402548,CO[C@@H](C(=O)N1Cc2n[nH]c(NC(=O)c3ccc(N4CCN(C)CC4)cc3)c2C1)c1ccccc1,5.455931956
2,CHEMBL550741,C[C@H](Oc1cc(-c2cnc3ccccn23)sc1C(N)=O)c1ccccc1Cl,6.522878745
3,CHEMBL2401968,CCC1C(=O)N(C)c2cnc(-n3ccnc3-c3ccc(F)cc3)nc2N1C1CCC(F)(F)C1,6.494850022
4,CHEMBL4515187,CC[C@@H]1C(=O)N(C)c2cnc(Nc3ccc(C(=O)NC4CCN(C(C)C)CC4)cc3OCCO)nc2N1C1CCCC1,7.762205007
5,CHEMBL4165409,CCC1C(=O)N(C)c2cnc(Nc3ccc(S(=O)(=O)NCC(C)C)cc3)nc2N1c1ccn(C)n1,6.054186873
6,CHEMBL199657,Cc1n[nH]c2sc(C(N)=O)c(NC(=O)c3cccc(Cl)c3)c12,4.0
7,CHEMBL476575,CCOC(=O)/C(C#N)=c1\s/c(=C/Nc2ccc(C(C)=O)cc2)c(=O)n1CC,7.091514981
8,CHEMBL550338,NC(=O)c1sc(-c2cnc(Nc3ccccc3)s2)cc1OCc1ccccc1C(F)(F)F,5.522878745
9,CHEMBL452932,C[C@H](Nc1cc2c(-c3ccccc3)noc2cn1)c1ccccc1,5.791558644
10,CHEMBL220032,COc1cc2ncn(-c3cc(OCC4CCCO4)c(C(N)=O)s3)c2cc1OC,6.599997654
11,CHEMBL474843,COc1ccc2ncn(-c3cc(OCc4ccccc4C(F)(F)F)c(C(N)=O)s3)c2c1,8.698970004
12,CHEMBL598201,Cc1cc(O)ccc1Nc1ncc2c(n1)-c1ccccc1NC(=O)C2,4.698970004
13,CHEMBL1209844,Cc1cc(-c2ccc3c(c2)ncn3-c2cc(O[C@H](C)c3ccccc3C(F)(F)F)c(C(N)=O)s2)ccn1,9.0
14,CHEMBL1945502,COc1ccc(Nc2ncc3c(n2)-c2ccc(Cl)cc2NC(=S)C3)cc1CCCN(C)C,9.0
15,CHEMBL2407913,O=C1Nc2ccc(F)cc2/C1=C/c1ccc2cn[nH]c2c1,4.823908741
16,CHEMBL1098058,NC(=O)c1nn(CCN2CCCCC2)c2c1CCc1cnc(Nc3ccccc3)nc1-2,5.0
17,CHEMBL3344193,COc1cc(CNCc2ccncc2)ccc1OCc1ccc(Cl)cc1,8.522878745
18,CHEMBL1689158,CC(Oc1cc(-n2cnc3ccc(OC4CCN(C)CC4)cc32)sc1C(N)=O)c1ccccc1C(F)(F)F,8.045757491
19,CHEMBL1802870,C#CC(=O)Nc1ccc2c(c1)/C(=C/c1[nH]c(CC)nc1C)C(=O)N2,4.698970004
20,CHEMBL525907,Cc1nn(-c2ccccc2)c2cc(N[C@@H](C)c3ccccc3)ncc12,5.885722703
21,CHEMBL1774335,CN1CCN(c2ccc(OC(F)(F)F)c(Nc3ncc4c(n3)-c3c(c(C(N)=O)nn3C)CC4)c2)[C@H](CO)C1,6.696803943
22,CHEMBL4519294,CC[C@@H]1C(=O)N(C)c2cnc(Nc3ccc(C(=O)NC4CCOCC4)cc3OCCO)nc2N1C1CCCC1,8.025949097
23,CHEMBL4448214,CCOc1cc(C2CCN(C)CC2)ccc1Nc1ncc2c(n1)N(Cc1cccc(Cl)c1)[C@H](CC)C(=O)N2C,6.26760624
24,CHEMBL3104852,COC1OC(=O)c2c(O)c(O)c(O)c(C)c21,4.522878745
25,CHEMBL1094135,COc1ccccc1Nc1ncc2c(n1)-c1c(c(C(N)=O)nn1C)CC2,7.37675071
26,CHEMBL480371,NC(=O)c1sc(-n2cnc3cc(C(F)(F)F)ccc32)cc1OCc1ccccc1Br,6.522878745
27,CHEMBL4552628,Cc1sc(C(=O)N[C@@H]2[C@H](N)CCCC2(F)F)cc1-c1cnn2cc(Cl)cnc12,4.0
28,CHEMBL1794070,C[C@@H](Oc1cc(-n2cnc3ccc(OC4CCN(C)CC4)cc32)sc1C(N)=O)c1ccccc1Cl,8.698970004
29,CHEMBL232601,N#Cc1c(NC(=O)c2cccc3ccccc23)sc2c1CCCN2C(=O)C1CC1,5.0
30,CHEMBL1200485,CNC(=O)c1cc(Oc2ccc(NC(=O)Nc3ccc(Cl)c(C(F)(F)F)c3)cc2)ccn1.Cc1ccc(S(=O)(=O)O)cc1,5.0
31,CHEMBL4215419,COc1cccc(F)c1-c1ccnc(Nc2ccc(S(=O)(=O)Nc3nccs3)cc2)n1,4.903089987
32,CHEMBL1945499,CC(C)c1ccc(CCCN(C)C)cc1Nc1ncc2c(n1)-c1ccc(Cl)cc1NC(=S)C2,8.096910013
33,CHEMBL608427,O=C1Cc2cnc3ncnn3c2-c2ncccc2N1,4.0
34,CHEMBL4457656,CC[C@@H]1C(=O)N(C)c2cnc(Nc3cc(F)c(C(=O)NC(C)C)cc3OCCO)nc2N1C1CCCC1,8.142667504
35,CHEMBL1945024,CN1CCN(c2ccc(Nc3ncc4c(n3)-c3ccc(Cl)cc3NC(=O)C4)cc2)CC1,6.585026652
36,CHEMBL4165706,CC[C@@H]1C(=O)N(C)c2cnc(Nc3ccc(S(=O)(=O)Nc4ccccc4)cc3)nc2N1C1CCCC1,6.962573502
37,CHEMBL563989,C[C@@H](Oc1cc(-c2cnc3ccccn23)sc1C(N)=O)c1ccc(CNC(C)(C)C)cc1C1CC1,6.677780705
38,CHEMBL1964264,C[C@@H](Oc1cc(-n2cnc3ccc(O[C@H]4CCCN(C)CC4)cc32)sc1C(N)=O)c1ccccc1Cl,8.522878745
39,CHEMBL606410,CCOc1ccc(Nc2ncc3c(n2)-c2ccccc2NC(=O)C3)cc1,4.0
40,CHEMBL474028,COc1cc2ncn(-c3cc(OCc4ccccc4Br)c(C(N)=O)s3)c2cc1OC,8.698970004
41,CHEMBL560014,C[C@@H](Oc1cc(-c2cnc3ccccn23)sc1C(N)=O)c1ccccc1Cl,8.15490196
42,CHEMBL4207165,CC[C@@H]1C(=O)N(C)c2cnc(Nc3ccc(C(=O)NC4CCN(C)CC4)cc3OC)nc2N1C(C)C,8.397940009
43,CHEMBL2402084,CC[C@@H]1C(=O)N(C)c2cnc(-c3cn[nH]c3-c3nccs3)nc2N1[C@H]1CCOC1,5.850780887
44,CHEMBL3785951,CC(=O)N1CCN([C@H]2C[C@@H](n3cc(-c4cc(OC[C@@H]5CCCO5)ccc4F)c4c(N)ncnc43)C2)CC1,5.0
45,CHEMBL2407896,O=C1Nc2ccccc2/C1=C\c1ccc2c(/C=C/c3ccccc3)n[nH]c2c1,5.0
46,CHEMBL1947149,COc1ccc(Nc2ncc3c(n2)-c2ccc(I)cc2NC(=O)C3)cc1OC,8.0
47,CHEMBL485285,Cc1ccc(C(=O)Nc2cccc(N3CCOCC3)c2)cc1-c1ccc2c(C3CCNCC3)noc2c1,4.602059991
48,CHEMBL2207841,CC(=O)N1CCC[C@H]1C(=O)N[C@@H](CC(C)C)C(=O)N[C@@H](CCC(=O)NCCCCCCCc1ccccc1)C(=O)N[C@@H](CO)C(=O)N[C@H](C(N)=O)[C@@H](C)OP(=O)(O)O,6.853871964
49,CHEMBL551079,C[C@@H](Oc1cc(-c2cnc3ccccn23)sc1C(N)=O)c1ccc(CNC(C)(C)C)cc1OC(F)F,8.008773924
50,CHEMBL4126831,CC[C@H](C)[C@H](NC(=O)[C@H](C)NC(=O)[C@@H](NC(=O)[C@H](CO)NC(=O)[C@H](Cc1cnc[nH]1)NC(=O)[C@H](CC(C)C)NC(=O)[C@@H]1CCCN1C(=O)[C@@H]1CCCN1C(=O)[C@H](CC(=O)O)NC(=O)[C@H](Cc1ccc(F)cc1)NC(=O)[C@@H](NC(=O)[C@H](CCC(N)=O)NC(C)=O)[C@@H](C)O)[C@@H](C)OP(=O)(O)O)C(=O)N[C@@H](Cc1ccc(O)cc1)C(=O)N[C@@H](C)C(=O)N[C@@H](CC(N)=O)C(N)=O,7.129947418
51,CHEMBL2407747,CCc1ccc2c(c1)/C(=C\c1ccc3c(/C=C/c4cccnc4)n[nH]c3c1)C(=O)N2,5.0
52,CHEMBL4568087,Cn1cc(-c2cnc3c(-c4csc(C(=O)N[C@@H]5CCCC[C@@H]5N)c4)cnn3c2)cn1,5.0
53,CHEMBL604912,COc1ccc2c(c1)NC(=O)Cc1cnc(Nc3cccc(O)c3)nc1-2,6.075720714
54,CHEMBL521887,Cc1ccc(NC(=O)c2ccc(CN3CCN(C)CC3)cc2)cc1-c1ccc2ccncc2c1,4.602059991
55,CHEMBL1793893,CCn1nc(C(N)=O)c2c1-c1nc(Nc3cc(N4CCN(C)CC4)ccc3OC(F)(F)F)ncc1CC2,8.22184875
56,CHEMBL6246,O=c1oc2c(O)c(O)cc3c(=O)oc4c(O)c(O)cc1c4c23,5.476253533
57,CHEMBL1808336,CCc1cccc(CC)c1NC(=O)c1nn(C)c2c1CCc1cnc(Nc3ccccc3OC)nc1-2,5.0
58,CHEMBL2392554,CC[C@@]1(F)CN(C2CCCC2)c2nc(Nc3ccc(C(=O)NC4CCN(C)CC4)cc3OC)ncc2N(C)C1=O,8.698970004
59,CHEMBL520037,COc1cc(Nc2ncc3c(C)nc(-c4cccc(C(F)(F)F)c4)n3n2)cc(OC)c1OC,7.522878745
60,CHEMBL598837,CCOc1ccc(Nc2ncc3c(n2)-c2ncccc2NC(=O)C3)cc1,4.0
61,CHEMBL3394768,O=C(O)CCc1cn(CC(O)CN2CCCC2)c2ccccc12,5.537602002
62,CHEMBL2407904,COc1cc(/C=C2\C(=O)N(C)c3ccc(Br)cc32)cc(Cl)c1O,5.0
63,CHEMBL1689165,CC(Oc1cc(-n2cnc3cc(OC4CCN(C)CC4)ccc32)ccc1C(N)=O)c1ccccc1C(F)(F)F,4.056011125
64,CHEMBL4161027,CCCNC(=O)c1ccc2c(ccn2-c2ncc3c(n2)N(c2ccn(C)n2)C(CC)C(=O)N3C)c1,5.606951534
65,CHEMBL4172511,CCC1C(=O)N(C)c2cnc(Nc3ccc(S(=O)(=O)NC)cc3)nc2N1c1ccn(C)n1,6.129596095
66,CHEMBL598633,O=C1Cc2cnc(Nc3ccc(O)cc3)nc2-c2ncccc2N1,4.259637311
67,CHEMBL2207844,CC(=O)N1CCC[C@H]1C(=O)N[C@@H](CC(C)C)C(=O)N[C@@H](Cc1cn(CCCCCCCCc2ccccc2)cn1)C(=O)N[C@@H](CO)C(=O)N[C@H](C(N)=O)[C@@H](C)OP(=O)(O)O,6.494850022
68,CHEMBL519858,Cc1cc(C)cc(-n2nc(C)c3cnc(N[C@@H](C)c4ccccc4)cc32)c1,6.826813732
69,CHEMBL597586,O=C1Cc2cnc(Nc3ccc(Br)cc3)nc2-c2ccccc2N1,4.0
70,CHEMBL1964261,C[C@@H](Oc1cc(-n2cnc3ccc(OCCCN(C)C)cc32)sc1C(N)=O)c1ccccc1Cl,8.397940009
71,CHEMBL1808339,CCc1cccc(CC)c1NC(=O)c1nn(C)c2c1CCc1cnc(Nc3ccc(C(N)=O)cc3OC(F)(F)F)nc1-2,5.0
72,CHEMBL1738758,CN1CCN(c2ccc(OC(F)(F)F)c(Nc3ncc4c(n3)-c3c(c(C(N)=O)nn3CCO)CC4)c2)CC1,8.602059991
73,CHEMBL519375,COc1cc(Nc2ncc3c(C)nc(-c4cccc(Br)c4)n3n2)cc(OC)c1OC,7.15490196
74,CHEMBL3394763,O=C(O)Cc1cn(CC(O)CN2CCCCC2)c2ccccc12,6.387216143
75,CHEMBL2407905,COc1cc(/C=C2\C(=O)Nc3ccc(Br)cc32)cc(Br)c1OC,5.0
76,CHEMBL2407916,COc1ccc2c(c1)/C(=C\c1ccc3cn[nH]c3c1)C(=O)N2,5.0
77,CHEMBL481491,NC(=O)c1sc(-n2cnc3ccccc32)cc1OCc1ccccc1C(F)(F)F,7.602059991
78,CHEMBL4454222,CC[C@@H]1C(=O)N(C)c2cnc(Nc3ccc(C(=O)NC4CCCC4)cc3C)nc2N1C1CCCC1,8.240332155
79,CHEMBL2333163,O=C(NCCc1ccc(O)c(Br)c1)/C(Cc1cc(Br)c(O)c(Oc2ccc(CCNC(=O)/C(Cc3cc(Br)c(O)c(-c4cc(C/C(=N\O)C(=O)NCCc5ccc(O)c(Br)c5)cc(Br)c4O)c3)=N/O)cc2Br)c1)=N/O,5.193820026
80,CHEMBL2402079,CCC1C(=O)N(C)c2cnc(-n3ccnc3-c3ccc(F)cc3)nc2N1c1cc[nH]n1,5.465973894
81,CHEMBL482349,COc1cc2ncn(-c3cc(OCc4ccco4)c(C(N)=O)s3)c2cc1OC,7.568636236
82,CHEMBL2401969,CC[C@@H]1C(=O)N(C)c2cnc(-n3ccnc3-c3ccc(F)cc3)nc2N1C1CC(F)(F)C1,5.027334408
83,CHEMBL520692,Cc1nc(-c2ccccc2)n2nc(Nc3ccc(OCCN(C)C)cc3)ncc12,6.420216403
84,CHEMBL526709,CNc1cccc(-c2ccnc(Nc3ccc(O)cc3)n2)c1,4.863279433
85,CHEMBL1630117,O=C(NO)c1ccc(-c2ccc3ncnc(Nc4ccc(OCc5cccc(F)c5)c(Cl)c4)c3c2)o1,5.698970004
86,CHEMBL1090360,O=C(Cc1ccccc1)Nc1cccc(-c2nc3sccn3c2-c2ccnc(Nc3cccc(N4CCOCC4)c3)n2)c1,6.0
87,CHEMBL516582,CCOC(=O)/C(C#N)=c1\s/c(=C/Nc2ccc(NC(=O)COC)cc2)c(=O)n1CC,6.301029996
88,CHEMBL1933575,NC(=O)c1c[nH]c(-c2ccnc(N)n2)c1,5.0
89,CHEMBL1097429,Cn1nc(C(N)=O)c2c1-c1nc(Nc3ccc(C(F)(F)F)cc3)ncc1CC2,6.059483515
90,CHEMBL1630114,Nc1ccccc1NC(=O)/C=C/c1cccc(-c2ccc3ncnc(Nc4ccc(OCc5cccc(F)c5)c(Cl)c4)c3c2)c1,5.259637311
91,CHEMBL3104851,Cc1c(O)c(O)c2c(c1C=O)[C@@H]1O[C@H](O2)c2c(C)c(O)c(O)c(O)c2C1=O,5.49757288
92,CHEMBL1276848,COc1cc(-c2cnc(N)c(N3CC[C@@H](C(=O)O)[C@@H](C)[C@H]3C)n2)cc(OC)c1OC,4.71219827
93,CHEMBL1808338,CCc1cccc(CC)c1NC(=O)c1nn(C)c2c1CCc1cnc(Nc3ccc(C(N)=O)cc3OC)nc1-2,5.517984424
94,CHEMBL2401961,CC(C)N1c2nc(-n3ccnc3-c3ccc(F)cc3)ncc2N(C)C(=O)C1(C)C,4.0
95,CHEMBL4103908,CC[C@@H]1c2c(C#N)ncn2-c2cnc(Nc3cc(F)c(C(=O)NC4CCN(C)CC4)cc3OC)nc2N1C(C)C,8.721246399
96,CHEMBL2401958,CN1C(=O)C(CC(F)(F)F)N(CCC(F)(F)F)c2nc(-n3ccnc3-c3ccc(F)cc3)ncc21,5.458420756
97,CHEMBL4212641,COc1cccc(F)c1-c1ccnc(Nc2cccc(Cn3cnc4ccccc43)c2)n1,4.903089987
98,CHEMBL518968,CNC(=O)c1sc(-n2cnc3cc(OC)c(OC)cc32)cc1OCc1ccccc1C(F)(F)F,6.0
99,CHEMBL4170176,CCCCNS(=O)(=O)c1ccc(Nc2ncc3c(n2)N(C2CCCC2)[C@H](CC)C(=O)N3C)cc1,7.390405591
100,CHEMBL4171224,CC[C@@H]1C(=O)N(C)c2cnc(-n3ccc4cc(C(=O)NCC(C)C)ccc43)nc2N1C1CCCC1,6.915423722
101,CHEMBL2401960,CC(C)N1c2nc(-n3ccnc3-c3ccc(F)cc3)ncc2N(C)C(=O)C12CCC2,4.596879479
102,CHEMBL2036869,Cn1c(-c2ccnc(Nc3ccc(O)cc3)n2)nc2ccccc21,4.920818754
103,CHEMBL3987050,CNC(=O)c1cn(S(=O)(=O)c2ccccc2)c2ccccc12,3.425968732
104,CHEMBL477615,CCCOC(=O)/C(C#N)=c1\s/c(=C/Nc2ccc(O)cc2)c(=O)n1CC,7.443697499
105,CHEMBL1099106,CC(=O)c1ccc(Nc2ncc3c(n2)-c2c(c(C(N)=O)nn2C)CC3)cc1,6.705533774
106,CHEMBL498189,Cc1nn(-c2ccc(F)cc2)c2cc(N[C@@H](C)c3ccccc3)ncc12,5.489320969
107,CHEMBL591896,O=C1Cc2cnc3ccnn3c2-c2ncccc2N1,4.0
108,CHEMBL2402083,CC[C@@H]1C(=O)N(C)c2cnc(-c3cn[nH]c3-c3nccs3)nc2N1C1CCOCC1,6.602059991
109,CHEMBL526639,Cc1ccc(C(=O)NC2CC2)cc1-c1ccc2ccncc2c1,4.602059991
110,CHEMBL4209902,COc1cc(C(=O)NC2CCN(C)CC2)ccc1Nc1ncc2c(n1)N(C1CCCC1)[C@H](C)C(=O)N2C,8.958607315
111,CHEMBL2392556,C=CC[C@H]1CN(C2CCCC2)c2nc(Nc3ccc(C(=O)NC4CCN(C)CC4)cc3OC)ncc2N(C)C1=O,9.0
112,CHEMBL4160611,CCCCNC(=O)c1ccc2c(ccn2-c2ncc3c(n2)N(C2CCCC2)[C@H](CC)C(=O)N3C)c1,6.791558644
113,CHEMBL2407914,O=C1Nc2ccc(Cl)cc2/C1=C\c1ccc2cn[nH]c2c1,5.0
114,CHEMBL1271535,CN1CCCC1CCNc1ccc(OC(F)(F)F)c(Nc2ncc3c(n2)-c2c(c(C(N)=O)nn2C)CC3)c1,6.866461092
115,CHEMBL1933576,CN1CCN(c2ccc(OC(F)(F)F)c(Nc3nccc(-c4cc(C(N)=O)cn4C)n3)c2)CC1,7.823908741
116,CHEMBL4449123,CC[C@@H]1C(=O)N(C)c2cnc(Nc3ccc(C(=O)NCCN(C)C)cc3OCCO)nc2N1C1CCCC1,7.419987887
117,CHEMBL1096095,Cn1nc(C(N)=O)c2c1-c1nc(Nc3ccccc3Oc3ccccc3)ncc1CC2,6.555955204
118,CHEMBL3104853,COCc1c(C)c(O)c(O)c(O)c1C=O,4.522878745
119,CHEMBL481492,Cc1ccccc1COc1cc(-n2cnc3cc(Cl)ccc32)sc1C(N)=O,7.677780705
120,CHEMBL1271482,CN1C(C)(C)CC(Nc2ccc(OC(F)(F)F)c(Nc3ncc4c(n3)-c3c(c(C(N)=O)nn3C)CC4)c2)CC1(C)C,6.015922966
121,CHEMBL475857,COc1cc2ncn(-c3cc(OCc4ccccc4)c(C(N)=O)s3)c2cc1OC,7.920818754
122,CHEMBL1208834,C[C@@H](Oc1cc(-n2cnc3ccc(-c4ccnc(Cl)c4)cc32)sc1C(N)=O)c1ccccc1C(F)(F)F,7.27572413
123,CHEMBL486346,Cc1nc(-c2ccccc2)n2nc(Nc3cccc(C(F)(F)F)c3)ncc12,5.0
124,CHEMBL497167,CC(=O)Nc1ccccc1-c1cc(Cl)cc(-n2nc(C)c3cnc(N[C@@H](C)c4ccccc4)cc32)c1,6.684029655
125,CHEMBL1089082,O=C(Nc1cccc(-c2ccnc3cc(-c4ccncc4)nn23)c1)c1cccc(C(F)(F)F)c1,4.301029996
126,CHEMBL2407746,O=C1Nc2ccccc2/C1=C\c1ccc2c(/C=C/c3cccnc3)n[nH]c2c1,5.0
127,CHEMBL474053,COc1cc2ncn(-c3cc(OCc4ccccc4OC(F)(F)F)c(C(N)=O)s3)c2cc1OC,8.301029996
128,CHEMBL3944369,CC(=O)N1CCC[C@H]1C(=O)N[C@@H](CC(C)C)C(=O)N[C@@H](Cc1cncn1CCCCCCO/N=C/c1cnc(N(C)Cc2ccccc2)s1)C(=O)N[C@@H](CO)C(=O)N[C@H](C(N)=O)[C@@H](C)OP(=O)(O)O,6.876148359
129,CHEMBL3977234,CC(=O)N1CCC[C@H]1C(=O)N[C@@H](CC(C)C)C(=O)N[C@@H](Cc1cncn1CCCCCCCCCc1c(F)cccc1Oc1ccccc1)C(=O)N[C@@H](CO)C(=O)N[C@H](C(N)=O)[C@@H](C)OP(=O)(O)O,6.8569852
130,CHEMBL4469087,CCOc1cc(C2CCN(C)CC2)ccc1Nc1ncc2c(n1)N(Cc1ccccc1)[C@H](CC)C(=O)N2C,6.537602002
131,CHEMBL3394767,O=C(O)CCc1cn(CC(O)CN2CCCCC2)c2ccccc12,5.243363892
132,CHEMBL559639,Cn1nc(C(=O)NC2CC2)c2c1-c1nc(Nc3ccccc3)ncc1CC2,5.0
133,CHEMBL4285090,CC(=O)N[C@@H](Cc1cncn1CCCCCCCCc1ccccc1)C(=O)N[C@@H](CO)C(=O)N[C@H](C(N)=O)[C@@H](C)OP(=O)(O)O,4.886056648
134,CHEMBL514643,COc1ccc(COc2cc(-n3cnc4cc(OC)c(OC)cc43)sc2C(N)=O)cc1,7.886056648
135,CHEMBL514371,C#CNC(=O)/C(C#N)=c1\s/c(=C/Nc2ccc(OCCN(C)C)cc2)c(=O)n1CC,7.148741651
136,CHEMBL4292295,CC(=O)N1CCC[C@H]1C(=O)N[C@@H](CC(C)C)C(=O)N[C@H]1Cc2c[n+](cn2CCCCCCCCc2ccccc2)CCCCNC(=O)[C@H]([C@@H](C)OP(=O)(O)O)NC(=O)[C@H](CO)NC1=O,7.070581074
137,CHEMBL3970781,CCCCc1ccc(C(=O)NC)cc1,5.065501549
138,CHEMBL490814,C[C@H](Nc1cc2c(-c3cc(Cl)cc(CCCO)c3)noc2cn1)c1ccccc1,7.004364805
139,CHEMBL2207846,CC(=O)N1CCC[C@H]1C(=O)N[C@@H](CC(C)C)C(=O)N[C@@H](Cc1cnc[nH]1)C(=O)N[C@@H](CO)C(=O)N[C@H](C(N)=O)[C@@H](C)OP(=O)(O)O,6.207608311
140,CHEMBL1208958,C[C@@H](Oc1cc(-n2cnc3cc(-c4ccnc(N5CCN(C)CC5)c4)ccc32)sc1C(N)=O)c1ccccc1Cl,8.698970004
141,CHEMBL1774340,CN(C)CCCn1nc(C(N)=O)c2c1-c1nc(Nc3cc(N4CCN(C)CC4)ccc3OC(F)(F)F)ncc1CC2,6.554395797
142,CHEMBL3977826,CNC(=O)c1ccc(-c2noc(C)n2)cc1,3.494850022
143,CHEMBL2392543,C=C[C@]1(F)CN(C2CCCC2)c2nc(Nc3ccc(C(=O)NC4CCN(C)CC4)cc3OC)ncc2N(C)C1=O,6.769551079
144,CHEMBL1208893,C[C@@H](Oc1cc(-n2cnc3cc(-c4cnc(N)nc4)ccc32)sc1C(N)=O)c1ccccc1C(F)(F)F,9.0
145,CHEMBL4454586,CC[C@@H]1C(=O)N(C)c2cnc(Nc3ccc(C(=O)NC4CCCC4)cc3OCc3ccccc3)nc2N1C1CCCC1,6.053253065
146,CHEMBL1095457,CNc1ccccc1Nc1ncc2c(n1)-c1c(c(C(N)=O)nn1C)CC2,6.958607315
147,CHEMBL491850,Cc1nn(-c2cccc(C(C)C)c2)c2cc(N[C@@H](C)c3ccccc3)ncc12,5.830913643
148,CHEMBL1793896,C=Cn1nc(C(N)=O)c2c1-c1nc(Nc3cc(N4CCN(C)CC4)ccc3OC(F)(F)F)ncc1CC2,8.455931956
149,CHEMBL4177399,CCCNS(=O)(=O)c1ccc(Nc2ncc3c(n2)N(C2CCCC2)[C@H](CC)C(=O)N3C)cc1,7.459420283
150,CHEMBL4531932,CC[C@@H]1C(=O)N(C)c2cnc(Nc3ccc(C(=O)NC4CCCC4)cc3OCCO)nc2N1C1CCCC1,8.031050319
151,CHEMBL560206,C[C@@H](Oc1cc(-c2cnc3ccccn23)sc1C(N)=O)c1ccccc1CO,7.055517328
152,CHEMBL487976,Cc1nc(-c2ccccc2)n2nc(Nc3ccccc3)ncc12,5.920818754
153,CHEMBL1944680,COc1ccc(Nc2ncc3c(n2)-c2ccc(F)cc2NC(=O)C3)cc1OC,6.698970004
154,CHEMBL1208892,C[C@@H](Oc1cc(-n2cnc3cc(-c4ccnc(N)n4)ccc32)sc1C(N)=O)c1ccccc1C(F)(F)F,9.0
155,CHEMBL1289926,CNC(=O)c1ccccc1Sc1ccc2c(/C=C/c3ccccn3)n[nH]c2c1,5.0
156,CHEMBL3908492,CNC(=O)CN1C(=O)COc2ccc(C)cc21,3.455931956
157,CHEMBL1933580,CN1CCN(c2ccc(OC(F)(F)F)c(Nc3nccc(-c4cc(C(N)=O)cn4CCOC4CCCCO4)n3)c2)CC1,6.565431096
158,CHEMBL3394757,O=C(CCc1cn(CC(O)CN2CCCCC2)c2ccccc12)c1ccccc1,5.739928612
159,CHEMBL2401964,CC[C@@H]1C(=O)N(C)c2cnc(-c3cn[nH]c3-c3nccs3)nc2N1C(C)C,6.113509275
160,CHEMBL491621,COc1ccc(-c2noc3cnc(N[C@@H](C)c4ccccc4)cc23)cc1OC,5.307417438
161,CHEMBL1095717,COc1cc(N2CCN(C)CC2)ccc1Nc1ncc2c(n1)-c1c(c(C(N)=O)nn1C)CC2,7.397940009
162,CHEMBL482326,COc1cc2ncn(-c3cc(OCc4ccccc4C(F)(F)F)c(C(=O)N(C)C)s3)c2cc1OC,6.0
163,CHEMBL3394761,CN1CCN(CC(O)Cn2cc(C(=O)O)c3ccccc32)CC1,5.459670525
164,CHEMBL1097022,Cn1nc(C(N)=O)c2c1-c1nc(Nc3ccccc3N)ncc1CC2,6.823908741
165,CHEMBL1793891,CN1CCN(c2ccc(OC(F)(F)F)c(Nc3ncc4c(n3)-c3[nH]nc(C(N)=O)c3CC4)c2)CC1,8.397940009
166,CHEMBL1944681,COc1ccc(Nc2ncc3c(n2)-c2ccc(C)cc2NC(=O)C3)cc1OC,7.187086643
167,CHEMBL476782,CCn1c(=O)/c(=C\Nc2cccc(NC(=O)C(C)(C)C)c2)s/c1=C(/C#N)C(=O)NC1(CO)CCCC1,6.721246399
168,CHEMBL508139,Cc1nn(-c2cccc(C#N)c2)c2cc(N[C@@H](C)c3ccccc3)ncc12,6.385102784
169,CHEMBL233001,N#Cc1c(NC(=O)c2cccc3ccccc23)sc2c1CCCC2,5.0
170,CHEMBL2042031,CC(Oc1cc(-c2cc(-c3ccc(CN(C)C)cc3)cnc2N)ccc1C(N)=O)c1ccccc1C(F)(F)F,5.806875402
171,CHEMBL2401967,CC[C@@H]1C(=O)N(C)c2cnc(-n3ccnc3-c3ccc(F)cc3)nc2N1CCC(F)(F)F,5.449771647
172,CHEMBL597596,COc1ccc2c(c1)NC(=O)Cc1cnc(Nc3ccc(O)c(Cl)c3)nc1-2,6.443697499
173,CHEMBL1945498,CN(C)CCCc1ccc(C(F)(F)F)c(Nc2ncc3c(n2)-c2ccc(Cl)cc2NC(=S)C3)c1,8.397940009
174,CHEMBL1269490,COc1ccc(Cn2nc(C(N)=O)c3c2-c2nc(Nc4cc(N5CCNCC5)ccc4OC(F)(F)F)ncc2CC3)cc1,5.576754126
175,CHEMBL2036868,COc1ccc(Nc2nccc(-c3nc4ccccc4n3C)n2)cc1,4.823908741
176,CHEMBL4210571,COc1cc(C(=O)NCCN(C)C)ccc1Nc1ncc2c(n1)N(C1CCCC1)[C@H](C)C(=O)N2C,7.677780705
177,CHEMBL3353347,CN(C)Cc1ccc(/C=C/c2n[nH]c3cc([C@@H]4C[C@@]45C(=O)Nc4ccccc45)ccc23)cc1,4.0
178,CHEMBL1808342,CCc1cccc(CC)c1NC(=O)c1nn(C)c2c1CCc1cnc(Nc3ccc(C(=O)NCCN(C)C)cc3OC(F)(F)F)nc1-2,5.0
179,CHEMBL4457809,CCOc1cc(C(=O)NC2CCN(C)CC2)ccc1Nc1ncc2c(n1)N(Cc1ccccc1)[C@H](CC)C(=O)N2C,7.075720714
180,CHEMBL1945169,O=C1Cc2cnc(Nc3cccc(N4CCOCC4)c3)nc2-c2ccc(Cl)cc2N1,6.537602002
181,CHEMBL2036725,Cn1c(-c2ccnc(Nc3ccccc3)n2)nc2ccccc21,4.22184875
182,CHEMBL4461041,CC[C@@H]1C(=O)N(C)c2cnc(Nc3ccc(C(N)=O)cc3OCCO)nc2N1C1CCCC1,7.683610249
183,CHEMBL563363,C[C@@H](Oc1cc(-c2cnc3ccccn23)sc1C(N)=O)c1ccc(CNCCO)cc1Cl,7.677780705
184,CHEMBL1933583,CN1CCN(c2ccc(OC(F)(F)F)c(Nc3nccc(-c4cc5c(n4CC(F)(F)F)CCNC5=O)n3)c2)CC1,7.552841969
185,CHEMBL519225,Cc1nc(-c2ccccc2)n2nc(NCc3ccccc3)ncc12,5.823908741
186,CHEMBL2407899,CN1CCN(c2ccc(/C=C/c3n[nH]c4cc(/C=C5/C(=O)Nc6ccccc65)ccc34)cn2)CC1,5.0
187,CHEMBL1209756,C[C@@H](Oc1cc(-n2cnc3cc(-c4ccccn4)ccc32)sc1C(N)=O)c1ccccc1C(F)(F)F,8.22184875
188,CHEMBL3899638,CCCc1ccc(C(=O)NC)cc1,4.966576245
189,CHEMBL2407906,O=C1Nc2ccccc2/C1=C/c1cccc(O)c1,4.602059991
190,CHEMBL2392546,COc1cc(C(=O)NC2CCN(C)CC2)cc(F)c1Nc1ncc2c(n1)N(C1CCCC1)CC(F)(F)C(=O)N2C,7.091514981
191,CHEMBL1209757,C[C@@H](Oc1cc(-n2cnc3cc(-c4cccs4)ccc32)sc1C(N)=O)c1ccccc1C(F)(F)F,8.522878745
192,CHEMBL1807304,CCc1cccc(CC)c1NC(=O)c1nn(C)c2c1CCc1cnc(Nc3ccc(C(=O)N4CCC(N(C)C)CC4)cc3OC(F)(F)F)nc1-2,5.0
193,CHEMBL518060,Cc1ccc(O)cc1CC[C@@H]1C(=O)CC[C@@]2(C)[C@H]1CC[C@@H]2[C@H](C)/C=C/CC(C)C,4.0
194,CHEMBL491021,C[C@H](Nc1cc2c(-c3cc(Cl)cc(CCC(N)=O)c3)noc2cn1)c1ccccc1,7.292429824
195,CHEMBL1933584,CN1CCN(c2ccc(OC(F)(F)F)c(Nc3nccc(-c4cc5c(n4CCO)CCNC5=O)n3)c2)CC1,6.991399828
196,CHEMBL2036727,Cn1c(-c2ccnc(Nc3ccc(Cl)cc3)n2)nc2ccccc21,4.0
197,CHEMBL4448563,CC[C@@H]1C(=O)N(C)c2cnc(Nc3ccc(C(=O)NC(C)C)cc3OCCO)nc2N1C1CCCC1,8.163675884
198,CHEMBL2407893,Cc1ccc2c(c1)/C(=C\c1ccc3c(/C=C/c4ccncc4)n[nH]c3c1)C(=O)N2,5.0
199,CHEMBL2401959,CCC1(C)C(=O)N(C)c2cnc(-n3ccnc3-c3ccc(F)cc3)nc2N1CCC(F)(F)F,5.145086978
200,CHEMBL2407745,O=C1Nc2ccccc2/C1=C\c1ccc2c(/C=C/c3ccccn3)n[nH]c2c1,5.0
201,CHEMBL199658,Cc1n[nH]c2sc(C(N)=O)c(NC(=O)c3ccc(Cl)cc3)c12,4.0
202,CHEMBL1242482,O=C(O)c1ccc(C(=O)/C(=C\c2ccc(F)c([N+](=O)[O-])c2)SCc2ccc(Br)cc2)cc1,4.301029996
203,CHEMBL1794069,C[C@@H](Oc1cc(-n2cnc3ccc(OCC4CCN(C)CC4)cc32)sc1C(N)=O)c1ccccc1Cl,8.22184875
204,CHEMBL474029,COc1cc2ncn(-c3cc(OCc4ccccc4C#N)c(C(N)=O)s3)c2cc1OC,8.22184875
205,CHEMBL1241855,COc1cc(OC)c(/C=C/S(=O)(=O)Cc2ccc(OC)c(NCC(=O)O)c2)c(OC)c1,8.045757491
206,CHEMBL1209675,C[C@@H](Oc1cc(-n2cnc3ccc(-c4ccncc4)cc32)sc1C(N)=O)c1ccccc1Cl,8.698970004
207,CHEMBL2380586,Cn1cc(-c2cc3[nH]nc(-c4cccc(S(N)(=O)=O)c4)c3cc2NC2CCCCC2)cn1,5.301029996
208,CHEMBL599056,Cn1c(=O)c2cc3c(nc2n(C)c1=O)-c1ncccc1NC(=O)C3,4.0
209,CHEMBL4167865,CCC1C(=O)N(C)c2cnc(-n3ccc4cc(F)ccc43)nc2N1c1ccn(C)n1,5.0
210,CHEMBL535,CCN(CC)CCNC(=O)c1c(C)[nH]c(/C=C2\C(=O)Nc3ccc(F)cc32)c1C,5.0
211,CHEMBL259084,O=C(O)c1ccc(Nc2ncc3c(n2)-c2ccc(Cl)cc2C(c2c(F)cccc2F)=NC3)cc1,4.27572413
212,CHEMBL486367,COc1cc(Nc2ncc3c(C)nc(-c4ccc(C(F)(F)F)cc4)n3n2)cc(OC)c1OC,5.974694135
213,CHEMBL1269487,Cn1nc(C(N)=O)c2c1-c1nc(Nc3cc(N4CCN(C(=O)OC(C)(C)C)CC4)ccc3OC(F)(F)F)ncc1CC2,6.066006836
214,CHEMBL525911,Cc1nn(-c2cc(Cl)cc(CCC(N)=O)c2)c2cc(N[C@@H](C)c3ccccc3)ncc12,7.494850022
215,CHEMBL200657,CCCCN(C)C(=O)c1cc2c(C)n[nH]c2s1,4.698970004
216,CHEMBL597754,CNC(=O)c1nn(C)c2c1CCc1cnc(NC3CCN(C(=O)C4CCN(S(C)(=O)=O)CC4)CC3)nc1-2,5.0
217,CHEMBL606255,COc1ccc(Nc2ncc3c(n2)-c2ncccc2NC(=O)C3)cc1,4.0
218,CHEMBL200348,COC(=O)c1cc2c(CN3CCCCC3)n[nH]c2s1,4.0
219,CHEMBL4566834,CC[C@@H]1C(=O)N(C)c2cnc(Nc3ccc(C(=O)NC)cc3OCCO)nc2N1C1CCCC1,7.805208242
220,CHEMBL219899,COc1cc2ncn(-c3cc(OCc4ccc(S(C)(=O)=O)cc4)c(C(N)=O)s3)c2cc1OC,6.997833938
221,CHEMBL3260241,COc1cccc(/C=C/C(=O)NNC(=O)c2ccc3c(c2)OCCO3)c1,7.522878745
222,CHEMBL518953,NC(=O)c1sc(-n2cnc3ccccc32)cc1OCc1ccccc1Br,7.958607315
223,CHEMBL1945029,CN1CCN(Cc2cccc(Nc3ncc4c(n3)-c3ccc(Cl)cc3NC(=O)C4)c2)CC1,6.13667714
224,CHEMBL4212237,COc1cc(C(=O)NC2CCN(C)CC2)ccc1Nc1ncc2c(n1)N(C(C)C)[C@H](CC(C)C)C(=O)N2C,6.661543506
225,CHEMBL3702566,Cn1c(=O)c(Sc2ccc(F)cc2)cc2cnc(Nc3ccc4[nH]ccc4c3)nc21,5.106904334
226,CHEMBL1094477,Cc1ccccc1Nc1ncc2c(n1)-c1c(c(C(N)=O)nn1C)CC2,7.838631998
227,CHEMBL491193,CC1CCCCC1c1noc2cnc(N[C@@H](C)c3ccccc3)cc12,5.244964066
228,CHEMBL490992,C[C@H](Nc1cc2c(-c3cccs3)noc2cn1)c1ccccc1,5.521866572
229,CHEMBL3394758,CCN(CC)CC(O)Cn1cc(C(=O)O)c2ccccc21,5.718966633
230,CHEMBL1209674,C[C@@H](Oc1cc(-n2cnc3cc(-c4ccncc4)ccc32)sc1C(N)=O)c1ccccc1Cl,9.0
231,CHEMBL3353340,O=C1Nc2ccccc2[C@]12C[C@H]2c1ccc2c(/C=C/c3ccncc3)n[nH]c2c1,4.0
232,CHEMBL202721,COc1cc2c(Nc3ccc(NC(=O)c4ccccc4)cc3)ncnc2cc1OCCCN1CCOCC1,5.0
233,CHEMBL552348,C[C@@H](Oc1cc(-c2cnc3ccccn23)sc1C(N)=O)c1ccc(CN2CCS(=O)(=O)CC2)cc1Cl,7.795880017
234,CHEMBL1208960,C[C@@H](Oc1cc(-n2cnc3cc(-c4ccnc(N5CCOCC5)c4)ccc32)sc1C(N)=O)c1ccccc1C(F)(F)F,8.301029996
235,CHEMBL4592698,CC[C@@H]1C(=O)N(C)c2cnc(Nc3ccc(C(=O)NC4CCCC4)cc3OC)nc2N1C1CCCC1,7.854803594
236,CHEMBL3884319,CC1(C)C(=O)N([C@H]2CCc3c(O)cccc32)c2nc(Nc3ccccc3)ncc21,5.0
237,CHEMBL3652220,CNC(=O)c1nn(C)c2c1CCc1cnc(Nc3cc(N4CCN(C)CC4)ccc3OC)nc1-2,7.585026652
238,CHEMBL1774330,Cn1nc(C(N)=O)c2c1-c1nc(Nc3cc(NC(=O)[C@@H]4CCCN4)ccc3OC(F)(F)F)ncc1CC2,7.356547324
239,CHEMBL558074,NC(=O)c1sc(-c2cnc(NC(=O)c3ccccc3)s2)cc1OCc1ccccc1C(F)(F)F,5.677780705
240,CHEMBL4171281,CCC1C(=O)N(C)c2cnc(-n3ccc4cc(C(=O)NC(C)C)ccc43)nc2N1c1ccn(C)n1,5.819014419
241,CHEMBL1094402,NC(=O)c1nn(C2CCCCC2)c2c1CCc1cnc(Nc3ccccc3)nc1-2,6.844663963
242,CHEMBL2348417,O=C(NCCO)C1=Cc2c(ncnc2Nc2ccc(Oc3cccc4sccc34)c(Cl)c2)NCC1,5.0
243,CHEMBL485295,Cc1nn(-c2cccc(S(C)(=O)=O)c2)c2cc(N[C@@H](C)c3ccccc3)ncc12,6.647817482
244,CHEMBL1945030,CN(C)CC1CC1c1cccc(Nc2ncc3c(n2)-c2ccc(Cl)cc2NC(=O)C3)c1,6.886056648
245,CHEMBL523634,Cc1cscc1-c1noc2cnc(N[C@@H](C)c3ccccc3)cc12,6.108462542
246,CHEMBL2036726,Cc1ccc(Nc2nccc(-c3nc4ccccc4n3C)n2)cc1,4.0
247,CHEMBL464351,Cc1ccc(O)cc1CC[C@H]1[C@@H]2C[C@H](O)[C@H]([C@H](C)CCCC(C)C)[C@@]2(C)CC[C@H]1O,4.0
248,CHEMBL4447251,CC[C@@H]1C(=O)N(C)c2cnc(Nc3ccc(C(C)=O)cc3OCCO)nc2N1C1CCCC1,8.239577517
249,CHEMBL2402085,CC[C@@H]1C(=O)N(C)c2cnc(-c3cn[nH]c3-c3nccs3)nc2N1c1cn[nH]c1,5.518557371
250,CHEMBL1258913,O=C(Nc1n[nH]c2cc(C(=O)N[C@H](CN3CCCC3)c3ccccc3)sc12)c1ccc(N2CCOCC2)cc1,5.0
251,CHEMBL590769,O=C1Cc2cnc3ccnn3c2-c2ccccc2N1,4.0
252,CHEMBL4468970,CC[C@@H]1C(=O)N(CCO)c2cnc(Nc3ccc(C(=O)NC4CCCC4)cc3OC)nc2N1C1CCCC1,6.53521248
253,CHEMBL596808,O=C1Cc2cnc(Nc3ccc([N+](=O)[O-])cc3)nc2-c2ccccc2N1,4.0
254,CHEMBL562764,NC(=O)c1sc(-c2cnc3ccccn23)cc1OCc1ccccc1Cl,7.455931956
255,CHEMBL4576641,CC[C@@H]1C(=O)N(C)c2cnc(Nc3ccc(C(=O)NCCN4CCN(C)CC4)cc3OCCO)nc2N1C1CCCC1,7.673459331
256,CHEMBL3260236,O=C(/C=C/c1ccccc1[N+](=O)[O-])NNC(=O)c1ccc2c(c1)OCCO2,6.721246399
257,CHEMBL200796,COC(=O)c1cc2c(Nc3ccccc3)[nH]nc2s1,4.677780705
258,CHEMBL564067,C[C@@H](Oc1cc(-c2cnc3ccccn23)sc1C(N)=O)c1ccc(CN2CCC(O)CC2)cc1Cl,7.568636236
259,CHEMBL523423,Cc1ccc(-n2nc(C)c3cnc(N[C@@H](C)c4ccccc4)cc32)cc1,5.344093582
260,CHEMBL4162262,CC[C@@H]1C(=O)N(C)c2cnc(Nc3ccc(S(=O)(=O)NCC(C)C)cc3)nc2N1C1CCCC1,7.331800516
261,CHEMBL4080819,CC(=O)N1CCC[C@H]1C(=O)N[C@@H](CC(C)C)C(=O)N[C@@H](Cc1cncn1CCCCCCCCc1c(F)cccc1Oc1cccc(OCc2ccccc2)c1)C(=O)N[C@@H](CO)C(=O)N[C@H](C(N)=O)[C@@H](C)OP(=O)(O)O,6.359916269
262,CHEMBL199996,Cc1n[nH]c2sc(C(N)=O)c(NC(=O)Nc3ccccc3)c12,4.698970004
263,CHEMBL4569508,O=C(NCC(F)(F)F)c1cc(-c2cnn3cc(-c4ccc(OCCN5CCCCC5)cc4)cnc23)cs1,4.259637311
264,CHEMBL4469319,CC[C@@H]1C(=O)N(C)c2cnc(Nc3ccc(C(=O)NC4CCOCC4)cc3OCCO)nc2N1C(C)C,6.752026734
265,CHEMBL4067710,CC[C@@H]1c2c(C#N)ncn2-c2cnc(Nc3cc(F)c(C(=O)NC4CCN(CC)CC4)cc3OC)nc2N1C(C)C,9.397940009
266,CHEMBL2407749,O=C1Nc2ccccc2/C1=C\c1ccc2c(/C=C/c3ccncc3)n[nH]c2c1,4.0
267,CHEMBL1271645,Cn1nc(C(N)=O)c2c1-c1nc(Nc3cc(N4CC[N+](C)([O-])CC4)ccc3OC(F)(F)F)ncc1CC2,6.896196279
268,CHEMBL3956625,CC(=O)N1CCC[C@H]1C(=O)N[C@@H](CC(C)C)C(=O)N[C@@H](Cc1cncn1CCCCCCCCc1c(F)cccc1Oc1ccccc1)C(=O)N[C@@H](CO)C(=O)N[C@H](C(N)=O)[C@@H](C)OP(=O)(O)O,7.180456064
269,CHEMBL487977,COc1cccc(Nc2ncc3c(C)nc(-c4ccccc4)n3n2)c1,6.522878745
270,CHEMBL4451065,CCOc1cc(C2CCN(C)CC2)ccc1Nc1ncc2c(n1)N(Cc1cccc(Br)c1)[C@H](CC)C(=O)N2C,6.26760624
271,CHEMBL4206052,COc1cc(C(=O)NC2CCN(C)CC2)ccc1Nc1ncc2c(n1)N(C(C)C)[C@H](C)C(=O)N2C,7.598599459
272,CHEMBL2407909,O=C1Nc2ccccc2/C1=C\c1ccc2nn[nH]c2c1,4.537602002
273,CHEMBL2407894,COc1ccc2c(c1)/C(=C\c1ccc3c(/C=C/c4ccncc4)n[nH]c3c1)C(=O)N2,5.0
274,CHEMBL2042135,C[C@H](/C=C\C(F)(F)F)Oc1cc(-c2cc(-c3cc(CN(C)C)cs3)cnc2N)ccc1C(N)=O,5.235077015
275,CHEMBL2392544,C=C[C@@]1(F)CN(C2CCCC2)c2nc(Nc3ccc(C(=O)NN4CCN(C)CC4)cc3OC)ncc2N(C)C1=O,8.522878745
276,CHEMBL599248,COc1ccc2c(c1)NC(=O)Cc1cnc3ccnn3c1-2,4.0
277,CHEMBL475616,COc1cc2ncn(-c3cc(OCc4cccc(N(C)C)c4)c(C(N)=O)s3)c2cc1OC,7.508638306
278,CHEMBL4065187,CC(=O)N1CCC[C@H]1C(=O)N[C@@H](CC(C)C)C(=O)N[C@@H](Cc1cncn1CCCCCCCCc1ccc(CCOCc2ccccc2)cc1)C(=O)N[C@@H](CO)C(=O)N[C@H](C(N)=O)[C@@H](C)OP(=O)(O)O,7.092588639
279,CHEMBL598024,O=C1Cc2cnc(Nc3ccc(I)cc3)nc2-c2ccccc2N1,4.823908741
280,CHEMBL475762,COc1cc2ncn(-c3cc(OCc4ccncc4)c(C(N)=O)s3)c2cc1OC,6.886056648
281,CHEMBL2380650,CC[C@H](C)[C@H](NC(=O)[C@H](C)NC(=O)[C@@H](NC(=O)[C@H](CO)NC(=O)[C@H](Cc1cnc[nH]1)NC(=O)[C@H](CC(C)C)NC(=O)[C@@H]1CCCN1C(=O)[C@@H]1CCCN1C(=O)[C@H](CC(=O)O)NC(=O)[C@H](Cc1ccccc1)NC(=O)[C@@H](NC(=O)[C@H](CCC(=O)O)NC(C)=O)[C@@H](C)O)[C@@H](C)O)C(=O)N[C@@H](Cc1ccc(O)cc1)C(N)=O,6.920818754
282,CHEMBL596988,COc1ccc(Nc2ncc3c(n2)-c2cnccc2NC(=O)C3)cc1,5.602059991
283,CHEMBL1945500,CN(C)CCCc1cc(Cl)cc(Nc2ncc3c(n2)-c2ccc(Cl)cc2NC(=S)C3)c1,9.0
284,CHEMBL492008,N#Cc1cc([N+](=O)[O-])c2sc(C(N)=O)[n+]([O-])c2c1,5.0
285,CHEMBL2048912,CC(C)(N)C(=O)NCCn1ccc2ncnc(Nc3ccc(Oc4cccc5sncc45)c(Cl)c3)c21,5.0
286,CHEMBL3394762,CCN(CC)CC(O)Cn1cc(CC(=O)O)c2ccccc21,5.578396073
287,CHEMBL557878,Cn1cncc1-c1cc(OCc2ccccc2C(F)(F)F)c(C(N)=O)s1,6.366531544
288,CHEMBL522618,C[C@H](Nc1cc2c(-c3ccc4c(c3)OCO4)noc2cn1)c1ccccc1,6.669586227
289,CHEMBL519120,Cc1ccccc1COc1cc(-n2cnc3ccc(Cl)cc32)sc1C(N)=O,8.397940009
290,CHEMBL563387,C[C@@H](Oc1cc(-c2cnc3ccccn23)sc1C(N)=O)c1ccc(CN(C)C)cc1Cl,7.657577319
291,CHEMBL1945559,Cn1c2c(c3ccc(Cl)c(Cl)c31)C(C#N)C1(CCNCC1)NC2=O,5.0
292,CHEMBL4127627,CC[C@H](C)[C@H](NC(=O)[C@H](C)NC(=O)[C@@H](NC(=O)[C@H](CO)NC(=O)[C@H](Cc1cnc[nH]1)NC(=O)[C@H](CC(C)C)NC(=O)[C@@H]1CCCN1C(=O)[C@@H]1CCCN1C(=O)[C@H](CC(=O)O)NC(=O)[C@H](Cc1ccc(Cl)c(Cl)c1)NC(=O)[C@@H](NC(=O)[C@H](CCC(N)=O)NC(C)=O)[C@@H](C)O)[C@@H](C)OP(=O)(O)O)C(=O)N[C@@H](Cc1ccc(O)cc1)C(=O)N[C@@H](C)C(=O)N[C@@H](CC(N)=O)C(N)=O,7.409046765
293,CHEMBL4548940,CC[C@@H]1C(=O)N(C)c2cnc(Nc3ccc(C(=O)NC4CCCC4)cc3O)nc2N1C1CCCC1,8.229884705
294,CHEMBL3809829,COc1cc(-c2cnn(C)c2)ccc1Nc1ncc2ccnc(N[C@@H](C)C(C)(C)C)c2n1,4.0
295,CHEMBL4168155,CC[C@@H]1C(=O)N(C)c2cnc(Nc3ccc(S(N)(=O)=O)cc3)nc2N1C1CCCC1,7.188626103
296,CHEMBL1807305,CCc1cccc(CC)c1NC(=O)c1nn(C)c2c1CCc1cnc(Nc3ccc(C(=O)N4CCCN(C)CC4)cc3OC)nc1-2,5.0
297,CHEMBL4588843,CCOc1cc(C2CCN(C)CC2)ccc1Nc1ncc2c(n1)N(Cc1cccc(C#N)c1)[C@H](CC)C(=O)N2C,5.744727495
298,CHEMBL1945803,CN(C)CCCc1cncc(Nc2ncc3c(n2)-c2ccc(Cl)cc2NC(=S)C3)c1,9.0
299,CHEMBL222419,COc1cc2ncn(-c3cc(O[C@H](C)c4ccccc4Cl)c(C(N)=O)s3)c2cc1OC,9.096910013
300,CHEMBL1933582,CN1CCN(c2ccc(OC(F)(F)F)c(Nc3nccc(-c4cc5c(n4C)CCNC5=O)n3)c2)CC1,8.045757491
301,CHEMBL220241,CCn1c(-c2nonc2N)nc2cnc(Oc3cccc(NC(=O)c4ccc(OCCN5CCOCC5)cc4)c3)cc21,5.0
302,CHEMBL4130239,CC[C@H](C)[C@H](NC(=O)[C@H](C)NC(=O)[C@@H](NC(=O)[C@H](CO)NC(=O)[C@H](Cc1cnc[nH]1)NC(=O)[C@H](CC(C)C)NC(=O)[C@@H]1CCCN1C(=O)[C@@H]1CCCN1C(=O)[C@H](CC(=O)O)NC(=O)[C@H](Cc1ccc(OC)cc1)NC(=O)[C@@H](NC(=O)[C@H](CCC(N)=O)NC(C)=O)[C@@H](C)O)[C@@H](C)OP(=O)(O)O)C(=O)N[C@@H](Cc1ccc(O)cc1)C(=O)N[C@@H](C)C(=O)N[C@@H](CC(N)=O)C(N)=O,5.67592342
303,CHEMBL1945170,CN(C)CCCc1cccc(Nc2ncc3c(n2)-c2ccc(Cl)cc2NC(=S)C3)c1,8.301029996
304,CHEMBL1793895,CN1CCN(c2ccc(OC(F)(F)F)c(Nc3ncc4c(n3)-c3c(c(C(N)=O)nn3CCCl)CC4)c2)CC1,8.0
305,CHEMBL4209151,COc1cccc(F)c1-c1ccnc(Nc2ccc(S(=O)(=O)Nc3onc(C)c3C)cc2)n1,4.908333042
306,CHEMBL476137,CCOC(=O)/C(C#N)=c1\s/c(=C/Nc2ccccc2F)c(=O)n1CC,6.795880017
307,CHEMBL199755,O=C(NC1CCCCC1)c1cc2c(-c3ccccc3)[nH]nc2s1,4.920818754
308,CHEMBL47590,CNc1nc(C)c(-c2ccnc(Nc3ccc(O)cc3)n2)s1,5.0
309,CHEMBL1945172,CN(C)CCCc1ccc(Cl)c(Nc2ncc3c(n2)-c2ccc(Cl)cc2NC(=S)C3)c1,9.0
310,CHEMBL1774329,CN(C)CCCN1CCC(c2ccc(OC(F)(F)F)c(Nc3ncc4c(n3)-c3c(c(C(N)=O)nn3C)CC4)c2)CC1,7.37675071
311,CHEMBL3394766,O=C(O)Cc1cn(CC(O)CN2CCOCC2)c2ccccc12,6.017728767
312,CHEMBL1630115,Nc1ccccc1NC(=O)/C=C/c1ccc(-c2ccc3ncnc(Nc4ccc(OCc5cccc(F)c5)c(Cl)c4)c3c2)cc1,5.207608311
313,CHEMBL1094400,NC(=O)c1nn(-c2ccccc2)c2c1CCc1cnc(Nc3ccccc3)nc1-2,5.0
314,CHEMBL1976040,C=CCn1c(=O)c2cnc(Nc3ccc(N4CCN(C)CC4)cc3)nc2n1-c1cccc(C(C)(C)O)n1,6.455931956
315,CHEMBL518956,Cc1ccccc1COc1cc(-n2cnc3ccccc32)sc1C(N)=O,7.920818754
316,CHEMBL2407748,COc1ccc2c(c1)/C(=C\c1ccc3c(/C=C/c4cccnc4)n[nH]c3c1)C(=O)N2,5.0
317,CHEMBL564431,NC(=O)c1sc(-c2cnc3ccccn23)cc1OCc1ccccc1C(F)(F)F,7.657577319
318,CHEMBL1209841,C[C@@H](Oc1cc(-n2cnc3cc(-c4cnn(C)c4)ccc32)sc1C(N)=O)c1ccccc1C(F)(F)F,9.0
319,CHEMBL1208965,C[C@@H](Oc1cc(-n2cnc3cc(-c4ccc(NC5CCN(C)CC5)nc4)ccc32)sc1C(N)=O)c1ccccc1Cl,8.698970004
320,CHEMBL4205123,COc1ccc(F)c(F)c1-c1ccnc(Nc2ccc(S(=O)(=O)Nc3onc(C)c3C)cc2)n1,5.228412519
321,CHEMBL560488,C[C@@H](Oc1cc(-c2cnc3ccccn23)sc1C(N)=O)c1ccc(CO)cc1Cl,8.30980392
322,CHEMBL3975634,CN[C@H]1CC2OC([C@H]1OC)n1c3ccccc3c3c4c(c5c6ccccc6n2c5c31)C(O)=NC4,5.434979072
323,CHEMBL495729,Cc1nnc(-c2ccc(-c3cc(NC(=O)c4ccnc(N5CCCC5)c4)ccc3C)c(C)c2)o1,4.602059991
324,CHEMBL1290746,Cc1ccc(C(=O)Nc2ccon2)cc1NC(=O)c1cnn(-c2ccccc2F)c1N,4.823908741
325,CHEMBL514826,CS(=O)(=O)c1ccc2ncn(-c3cc(OCc4ccccc4C(F)(F)F)c(C(N)=O)s3)c2c1,7.920818754
326,CHEMBL4464826,CCOc1cc(C(=O)NC2CCN(C)CC2)ccc1Nc1ncc2c(n1)N(C1CCCC1)[C@H](CC)C(=O)N2C,7.920818754
327,CHEMBL486124,Cc1nc(-c2ccccc2)n2nc(NCCCN3CCOCC3)ncc12,5.0
328,CHEMBL550475,C[C@@H](Oc1cc(-c2cnc3ccccn23)sc1C(N)=O)c1ccc(CN2CCNC(=O)C2)cc1Cl,7.920818754
329,CHEMBL1272140,CN1CCN(c2ccc(OC(F)(F)F)c(Nc3ncc4c(n3)-c3c(c(C(N)=O)nn3C)CC4)c2)CC1,8.698970004
330,CHEMBL519880,COc1cc(Nc2ncc3c(C)nc(-c4cccc(C(=O)c5ccccc5)c4)n3n2)cc(OC)c1OC,6.387216143
331,CHEMBL4108316,CNC(=O)c1cc(-c2ccccc2)c(C(F)(F)F)s1,3.301029996
332,CHEMBL3260242,O=C(/C=C/c1cccc([N+](=O)[O-])c1)NNC(=O)c1ccc2c(c1)OCCO2,5.809668302
333,CHEMBL2392553,COc1cc(C(=O)NC2CCN(C)CC2)ccc1Nc1ncc2c(n1)N(C1CCCC1)CC(F)(F)C(=O)N2C,8.397940009
334,CHEMBL1614933,CN1CCC(Oc2ccc3ncn(-c4cc(OCc5ccccc5C(F)(F)F)c(C(N)=O)s4)c3c2)CC1,8.045757491
335,CHEMBL4176689,CCCCNS(=O)(=O)c1ccc(Nc2ncc3c(n2)N(c2ccn(C)n2)C(CC)C(=O)N3C)cc1,6.3357342
336,CHEMBL564529,C[C@@H](Oc1cc(-c2cnc3ccccn23)sc1C(N)=O)c1ccc(CNC2CCCC2)cc1Cl,7.602059991
337,CHEMBL3652221,NC(=O)c1nn(CCF)c2c1CCc1cnc(Nc3ccccc3OC(F)(F)F)nc1-2,7.585026652
338,CHEMBL3260249,O=C(/C=C/c1ccccc1)NNC(=O)c1ccc2c(c1)OCCO2,7.045757491
339,CHEMBL374440,COc1cc2ncn(-c3cc(OCc4ccccc4C(F)(F)F)c(C#N)s3)c2cc1OC,6.15490196
340,CHEMBL498190,Cc1nn(-c2cc(Cl)cc(CCC(=O)NCCO)c2)c2cc(N[C@@H](C)c3ccccc3)ncc12,7.318758763
341,CHEMBL518916,COc1cc(Nc2ncc3c(C)nc(-c4ccccc4Br)n3n2)cc(OC)c1OC,5.573488739
342,CHEMBL2407912,O=C1Nc2ccc(F)cc2/C1=C\c1ccc2cn[nH]c2c1,4.823908741
343,CHEMBL1097424,Cn1nc(C(N)=O)c2c1-c1nc(Nc3cccc(C(F)(F)F)c3)ncc1CC2,7.292429824
344,CHEMBL456936,Cc1ccc(O)cc1CC[C@@H]1C(=O)CC[C@@]2(C)[C@H]1CC[C@@H]2[C@H](C)CCCC(C)C,4.0
345,CHEMBL1944688,O=C1Cc2cnc(Nc3cccc(C(=O)O)c3)nc2-c2ccc(Cl)cc2N1,7.408935393
346,CHEMBL2207845,CC(=O)N1CCC[C@H]1C(=O)N[C@@H](CC(C)C)C(=O)N[C@@H](Cc1cncn1CCCCCCCCc1ccccc1)C(=O)N[C@@H](CO)C(=O)N[C@H](C(N)=O)[C@@H](C)OP(=O)(O)O,7.602059991
347,CHEMBL3961841,CNC(=O)c1cc(-c2cccc(OC)c2)n[nH]1,3.420216403
348,CHEMBL496954,Cc1ccccc1-n1nc(C)c2cnc(N[C@@H](C)c3ccccc3)cc21,5.114356128
349,CHEMBL1774336,CN1CCC(C(=O)Nc2ccc(OC(F)(F)F)c(Nc3ncc4c(n3)-c3c(c(C(N)=O)nn3C)CC4)c2)CC1,6.649751982
350,CHEMBL1964262,C[C@@H](Oc1cc(-n2cnc3ccc(OC[C@H](O)CN4CCCC4)cc32)sc1C(N)=O)c1ccccc1Cl,8.522878745
351,CHEMBL1630107,O=C(/C=C/c1ccc(-c2ccc3ncnc(Nc4ccc(OCc5cccc(F)c5)c(Cl)c4)c3c2)o1)NO,4.920818754
352,CHEMBL4587599,CC[C@@H]1C(=O)N(C)c2cnc(Nc3ccc(C(=O)NC4CCCC4)cc3OCCOC)nc2N1C1CCCC1,6.462558717
353,CHEMBL2392547,COc1c(Nc2ncc3c(n2)N(C2CCCC2)CC(F)(F)C(=O)N3C)ccc(C(=O)NC2CCN(C)CC2)c1F,7.585026652
354,CHEMBL2401965,CC[C@@H]1C(=O)N(C)c2cnc(-n3ccnc3-c3ccccc3)nc2N1C(C)C,6.060480747
355,CHEMBL4531713,NC(=O)c1sc2c([n+]1[O-])C(SC[C@H](N)C(=O)O)C(SC(F)(F)F)=CC2[N+](=O)[O-],6.397940009
356,CHEMBL477604,COc1cccc(Nc2nc(NC(C)c3ccccc3)ncc2C#N)c1,6.236572006
357,CHEMBL1794068,C[C@@H](Oc1cc(-n2cnc3ccc(OCC4CCN(C)CC4)cc32)sc1C(N)=O)c1ccccc1C(F)(F)F,8.15490196
358,CHEMBL2402086,CCC1C(=O)N(C)c2cnc(-c3cn[nH]c3-c3nccs3)nc2N1c1cnn(C)c1,5.739928612
359,CHEMBL563447,C[C@@H](Oc1cc(-c2cnc3ccc(CO)cn23)sc1C(N)=O)c1ccccc1Cl,8.13667714
360,CHEMBL4245507,O=C(Cc1cccc(OCCCN2CCNCC2)c1)Nc1nc(-c2ccncc2)cs1,5.0
361,CHEMBL1096028,CC(=O)c1cc(N2CCN(C)CC2)ccc1Nc1ncc2c(n1)-c1c(c(C(N)=O)nn1C)CC2,6.333482019
362,CHEMBL3218000,C#Cc1cccc(Nc2ncnc3ccc(OCc4ccc(C(=O)Nc5ccccc5N)cc4)cc23)c1,4.0
363,CHEMBL520080,COc1cc2ncn(-c3cc(OCC4CCCCC4)c(C(N)=O)s3)c2cc1OC,7.769551079
364,CHEMBL477393,CCCN(CC1CC1)c1nc(NC(C)c2ccccc2)ncc1C#N,6.259637311
365,CHEMBL1793892,CN1CCN(c2ccc(OC(F)(F)F)c(Nc3ncc4c(n3)-c3c(c(C(N)=O)nn3CCF)CC4)c2)CC1,8.346787486
366,CHEMBL1774338,CN1CCN(c2ccc(OC(F)(F)F)c(Nc3ncc4c(n3)-c3c(c(C(N)=O)nn3CCOC3CCOCC3)CC4)c2)CC1,7.366531544
367,CHEMBL2042035,CC(Oc1cc(-c2cc(-c3ccc(CN(C)C)s3)cnc2N)ccc1C(N)=O)c1ccccc1C(F)(F)F,6.301029996
368,CHEMBL1808337,CCc1cccc(CC)c1NC(=O)c1nn(C)c2c1CCc1cnc(Nc3ccccc3OC(F)(F)F)nc1-2,5.0
369,CHEMBL4176983,CC[C@@H]1C(=O)N(C)c2cnc(Nc3ccc(S(=O)(=O)NCCO)cc3)nc2N1C1CCCC1,7.60624936
370,CHEMBL489992,Cc1cccc(-c2noc3cnc(N[C@@H](C)c4ccccc4)cc23)c1,6.260427656
371,CHEMBL486550,Cc1nc(-c2ccccc2)n2nc(Nc3ccc([N+](=O)[O-])cc3)ncc12,5.55129368
372,CHEMBL1094816,Cn1nc(C(N)=O)c2c1-c1nc(Nc3ccccc3S(N)(=O)=O)ncc1CC2,5.42794201
373,CHEMBL474603,NC(=O)c1sc(-n2cnc3ccccc32)cc1OCc1ccccc1Cl,7.920818754
374,CHEMBL599027,O=C1Cc2cnc(Nc3ccccc3Br)nc2-c2ccccc2N1,4.0
375,CHEMBL2042029,CC(Oc1cc(-c2nc(-c3ccc(CN(C)C)cc3)cnc2N)ccc1C(N)=O)c1ccccc1C(F)(F)F,5.408935393
376,CHEMBL3309998,Nc1nc2c3ccc(NCCO)cc3nc(Cc3ccc4c(c3)OCO4)n2n1,5.0
377,CHEMBL599224,CC(=O)N1CCC(Nc2ncc3c(n2)-c2c(c(C(N)=O)nn2C)CC3)CC1,5.0
378,CHEMBL4634634,C[C@@H]1C[C@H]1C(=O)N1CCN(c2cnc(C#N)c(-c3cnn(C)c3)n2)C[C@H]1C,4.0
379,CHEMBL3908694,CCCNc1ccc(C(=O)NC)cc1,4.782516056
380,CHEMBL1774339,CN1CCN(c2ccc(OC(F)(F)F)c(Nc3ncc4c(n3)-c3c(c(C(N)=O)nn3CCCN)CC4)c2)CC1,7.283996656
381,CHEMBL3109402,COc1cc2nc(C)oc2c(C[C@]2(C)[C@@H](C)CC[C@@]3(C)C(C)=CCC[C@H]32)c1O,4.0
382,CHEMBL1614712,Nc1ncnc2c1c(-c1cccc(OCc3ccccc3)c1)cn2[C@H]1C[C@@H](CN2CCC2)C1,5.0
383,CHEMBL450653,N#Cc1sc2c([N+](=O)[O-])cc(C(F)(F)F)cc2[n+]1[O-],4.677780705
384,CHEMBL1630110,O=C(/C=C/c1ccc(-c2ccc3ncnc(Nc4ccc(OCc5cccc(F)c5)c(Cl)c4)c3c2)cc1)NO,5.040958608
385,CHEMBL3741589,O=C(O)C1CN(Cc2ccc(OCc3ccc(Cl)c(Cl)c3)cc2)C1,5.0
386,CHEMBL476136,CCn1c(=O)/c(=C\Nc2ccc(CCN3CCCC3)cc2)s/c1=C(/C#N)C(=O)NCC(F)(F)F,7.0
387,CHEMBL1209758,C[C@@H](Oc1cc(-n2cnc3cc(-c4ccc[nH]4)ccc32)sc1C(N)=O)c1ccccc1C(F)(F)F,8.301029996
388,CHEMBL480545,COc1cc2ncn(-c3cc(OCc4sccc4Cl)c(C(N)=O)s3)c2cc1OC,8.698970004
389,CHEMBL3944542,CC1=CC(=O)C(C(C)C)=C/C1=N/OC(=O)c1ccccc1C,4.53165267
390,CHEMBL485286,Cc1ccc(NC(=O)c2ccnc(N3CCCC3)c2)cc1-c1ccc2c(C3CCNCC3)noc2c1,4.602059991
391,CHEMBL508763,NC(=O)c1sc(-n2cnc3ccccc32)cc1OCc1ccccc1F,7.853871964
392,CHEMBL1774327,CN1CC=C(c2ccc(OC(F)(F)F)c(Nc3ncc4c(n3)-c3c(c(C(N)=O)nn3C)CC4)c2)CC1,8.259637311
393,CHEMBL1922224,Cc1ccc(O)cc1CC[C@@H]1[C@@H](O)CC[C@@]2(C)[C@H]1CC[C@@H]2[C@H](C)/C=C/CC(C)C,4.0
394,CHEMBL1094817,Cn1nc(C(N)=O)c2c1-c1nc(Nc3ccccc3-c3ccccc3)ncc1CC2,5.805485658
395,CHEMBL1808335,Cn1nc(C(=O)NCCc2ccccc2)c2c1-c1nc(Nc3ccccc3)ncc1CC2,5.0
396,CHEMBL3217993,Nc1ccccc1NC(=O)c1ccc(COc2ccc3ncnc(Nc4cccc(Br)c4)c3c2)cc1,4.0
397,CHEMBL1807302,CCc1cccc(CC)c1NC(=O)c1nn(C)c2c1CCc1cnc(Nc3ccc(C(=O)N4CCC[C@H]4CN4CCCC4)cc3OC(F)(F)F)nc1-2,5.0
398,CHEMBL474432,COc1cc2ncn(-c3cc(OCc4ccccc4C(F)(F)F)c(C(=O)O)s3)c2cc1OC,8.698970004
399,CHEMBL1615277,C[C@@H](Oc1cc(-n2cnc3cc(OC4CCN(C)CC4)ccc32)ccc1C(N)=O)c1ccccc1C(F)(F)F,4.289882635
400,CHEMBL518265,O=[N+]([O-])c1ccc(Nc2nccc(-c3cccc([N+](=O)[O-])c3)n2)cc1,5.187086643
401,CHEMBL603259,COc1ccc2c(c1)NC(=O)Cc1cnc3cc(-c4ccccc4)nn3c1-2,4.769551079
402,CHEMBL604087,COc1ccc(C(=O)NCc2cccc(C(=O)Nc3ccc4c(c3)CNCC4)c2)cc1OC,5.0
403,CHEMBL371242,CCCCNC(=O)c1cc2c(C)n[nH]c2s1,4.698970004
404,CHEMBL519224,Cc1nc(-c2ccccc2)n2nc(N)ncc12,5.0
405,CHEMBL1944683,CCc1ccc2c(c1)NC(=O)Cc1cnc(Nc3ccc(OC)c(OC)c3)nc1-2,7.508638306
406,CHEMBL1209015,C[C@@H](Oc1cc(-n2cnc3cc(-c4cnn(CCN5CCOCC5)c4)ccc32)sc1C(N)=O)c1ccccc1Cl,9.0
407,CHEMBL489993,Cc1cc(C)cc(-c2noc3cnc(N[C@@H](C)c4ccccc4)cc23)c1,6.48148606
408,CHEMBL2042030,CC(Oc1cc(-c2nc(-c3cccc(CN(C)C)c3)cnc2N)ccc1C(N)=O)c1ccccc1C(F)(F)F,4.91721463
409,CHEMBL188343,c1nc2c(NC3CCCCC3)nc(Nc3ccc(N4CCOCC4)cc3)nc2[nH]1,5.301029996
410,CHEMBL1209843,C[C@@H](Oc1cc(-n2cnc3ccc(-c4cnn(C)c4)cc32)sc1C(N)=O)c1ccccc1Cl,9.0
411,CHEMBL1945802,COc1c(CCCN(C)C)cccc1Nc1ncc2c(n1)-c1ccc(Cl)cc1NC(=S)C2,6.327902142
412,CHEMBL4438748,CN(C)c1ccc(C(=O)Nc2cccc(NC(=O)COc3ccc4c(=O)ccoc4c3)c2)cc1,5.0
413,CHEMBL4078098,CC[C@@H]1c2c(C#N)ncn2-c2cnc(Nc3cc(F)c(C(=O)NC4CCN(C)CC4)cc3OC)nc2N1C1CCCCC1,8.886056648
414,CHEMBL1774334,CN1CCN(c2ccc(OC(F)(F)F)c(Nc3ncc4c(n3)-c3c(c(C(N)=O)nn3C)CC4)c2)[C@@H](CO)C1,6.812479279
415,CHEMBL2392549,COc1cc(C(=O)NC2CCN(C)CC2)c(Cl)cc1Nc1ncc2c(n1)N(C1CCCC1)CC(F)(F)C(=O)N2C,9.0
416,CHEMBL522011,CNc1nc2c(nc(-c3ccccc3)n2C)c2c1ncn2C,4.920818754
417,CHEMBL2401972,CC[C@@H]1C(=O)N(C)c2cnc(-n3ccnc3-c3ccccc3)nc2N1[C@@H]1CCOC1,6.318758763
418,CHEMBL514040,COc1cc2ncn(-c3cc(OCc4cccc(C#N)c4)c(C(N)=O)s3)c2cc1OC,7.004364805
419,CHEMBL598025,COc1ccc(Nc2ncc3c(n2)-c2ccccc2NC(=O)C3)cc1,4.327902142
420,CHEMBL1270230,NC(=O)c1cc(-c2ccnc(N)n2)[nH]c1-c1ccccc1,5.0
421,CHEMBL1945168,CN(C)CCOc1cccc(Nc2ncc3c(n2)-c2ccc(Cl)cc2NC(=O)C3)c1,6.886056648
422,CHEMBL2036871,Cn1c(=O)c2ccc(-c3nc4ccccc4n3C)nc2n(C)c1=O,4.0
423,CHEMBL388978,CN[C@@H]1C[C@H]2O[C@@](C)([C@@H]1OC)n1c3ccccc3c3c4c(c5c6ccccc6n2c5c31)C(=O)NC4,6.26760624
424,CHEMBL476123,CCCN(CC1CC1)c1nc(NCc2ccc3c(c2)OCO3)ncc1C#N,5.795880017
425,CHEMBL605324,Cc1ccc(Nc2ncc3c(n2)-c2ccccc2NC(=O)C3)cc1,4.0
426,CHEMBL492009,O=[N+]([O-])c1cc(C(F)(F)F)cc2c1sc(O)[n+]2[O-],4.408935393
427,CHEMBL4570557,CCNC(=O)c1cc(OCCO)c(Nc2ncc3c(n2)N(C2CCCC2)[C@H](CC)C(=O)N3C)cc1F,8.097453221
428,CHEMBL1243326,CNc1nccc(-c2cccnc2Oc2ccc(Nc3nnc(-c4ccc(F)cc4)c4ccccc34)cc2)n1,4.602059991
429,CHEMBL4529398,CC[C@@H]1C(=O)N(C)c2cnc(Nc3ccc(C(=O)NCCN4CCOCC4)cc3OCCO)nc2N1C1CCCC1,7.747146969
430,CHEMBL2036867,CCOc1ccc(Nc2nccc(-c3nc4ccccc4n3C)n2)cc1,4.0
431,CHEMBL4160679,CCCCNC(=O)c1ccc2c(ccn2-c2ncc3c(n2)N(c2ccn(C)n2)C(CC)C(=O)N3C)c1,5.940436582
432,CHEMBL4088932,CC[C@@H]1c2c(C#N)ncn2-c2cnc(Nc3cc(F)c(C(=O)NC4CN(C)C4)cc3OC)nc2N1C(C)C,8.769551079
433,CHEMBL1947148,COc1ccc(Nc2ncc3c(n2)-c2ccc(Cl)cc2NC(=O)C3)cc1OC,7.508638306
434,CHEMBL2392550,COc1cc(Nc2ncc3c(n2)N(C2CCCC2)CC(F)(F)C(=O)N3C)ccc1C(=O)NC1CCN(C)CC1,7.823908741
435,CHEMBL563150,Cn1nc(C(=O)Nc2ccccc2)c2c1-c1nc(Nc3ccccc3)ncc1CC2,5.0
436,CHEMBL477407,C=CCOC(=O)/C(C#N)=C1\S[C@@H](CNc2ccc(NC(=O)NCCN3CCCC3)cc2)C(=O)N1CC,7.638272164
437,CHEMBL4127785,CC[C@H](C)[C@H](NC(=O)[C@H](C)NC(=O)[C@@H](NC(=O)[C@H](CO)NC(=O)[C@H](Cc1cnc[nH]1)NC(=O)[C@H](CC(C)C)NC(=O)[C@@H]1CCCN1C(=O)[C@@H]1CCCN1C(=O)[C@H](CC(=O)O)NC(=O)[C@H](Cc1ccc(Cl)c(Cl)c1)NC(C)=O)[C@@H](C)OP(=O)(O)O)C(=O)N[C@@H](Cc1ccc(O)cc1)C(=O)N[C@@H](C)C(=O)N[C@@H](CC(N)=O)C(N)=O,7.105573162
438,CHEMBL597005,COc1ccc2c(c1)NC(=O)Cc1cnc3ncnn3c1-2,4.0
439,CHEMBL2042041,CC(/C=C\C(F)(F)F)Oc1cc(-c2cc(-c3cc(CN(C)C)cs3)cnc2N)ccc1C(N)=O,5.075204004
440,CHEMBL456294,Cc1ccc(O)cc1CC[C@@H]1C(=O)CC[C@@]2(C)[C@H]1C[C@H](O)[C@@H]2[C@H](C)CCCC(C)C,4.0
441,CHEMBL1689162,COc1cc(-n2cnc3ccccc32)sc1C(N)=O,5.274905479
442,CHEMBL477605,CC(Nc1ncc(C#N)c(N2CCc3ccccc3C2)n1)c1ccccc1,6.124938737
443,CHEMBL481510,NC(=O)c1sc(-n2cnc3ccc(C(F)(F)F)cc32)cc1OCc1ccccc1Br,8.045757491
444,CHEMBL4473297,CC[C@@H]1C(=O)N(C)c2cnc(Nc3ccc(C(=O)NC4CCCC4)cc3OCCO)nc2N1C(C)C,6.898596649
445,CHEMBL2042136,C[C@@H](Oc1cc(-c2cc(-c3cc(CN(C)C)cs3)cnc2N)ccc1C(N)=O)c1ccccc1C(F)(F)F,6.086186148
446,CHEMBL1098060,Cn1nc(C(=O)O)c2c1-c1nc(Nc3ccccc3)ncc1CC2,6.958607315
447,CHEMBL3972485,CNC(=O)c1cccc2ccccc12,3.982966661
448,CHEMBL4092848,CC(=O)N1CCC[C@H]1C(=O)N[C@@H](CC(C)C)C(=O)N[C@@H](Cc1cncn1CCCCCCCCc1ccc(CCO)cc1)C(=O)N[C@@H](CO)C(=O)N[C@H](C(N)=O)[C@@H](C)OP(=O)(O)O,6.951558196
449,CHEMBL454196,Cc1ccc(COc2cc(-n3cnc4ccccc43)sc2C(N)=O)cc1,7.15490196
450,CHEMBL496125,Cc1nn(-c2ccccc2F)c2cc(N[C@@H](C)c3ccccc3)ncc12,5.345246067
451,CHEMBL513909,CC[C@@H]1C(=O)N(C)c2cnc(Nc3ccc(C(=O)NC4CCN(C)CC4)cc3OC)nc2N1C1CCCC1,8.332547047
452,CHEMBL557735,Cc1cc(CNC(C)(C)C)ccc1[C@@H](C)Oc1cc(-c2cnc3ccccn23)sc1C(N)=O,6.823908741
453,CHEMBL590109,NCCn1cc(-c2cc(-c3cc4ccccc4s3)c3[nH]ncc3c2)c2nc(N)ncc21,5.0
454,CHEMBL1095132,Cn1nc(C(N)=O)c2c1-c1nc(Nc3ccc([N+](=O)[O-])cc3)ncc1CC2,5.0
455,CHEMBL2402078,CC[C@@H]1C(=O)N(C)c2cnc(-n3ccnc3-c3ccc(F)cc3)nc2N1c1cn[nH]c1,5.061980903
456,CHEMBL200586,COC(=O)c1cc2c(C)n[nH]c2s1,4.0
457,CHEMBL1208964,C[C@@H](Oc1cc(-n2cnc3cc(-c4ccnc(NC5CCN(C)CC5)c4)ccc32)sc1C(N)=O)c1ccccc1Cl,9.0
458,CHEMBL475783,COc1cc2ncn(-c3cc(OCc4cccc(N)c4)c(C(N)=O)s3)c2cc1OC,7.677780705
459,CHEMBL4093737,CC[C@@H]1c2c(C(=O)N(C)O)ncn2-c2cnc(Nc3ccc(C(=O)NC4CCN(C)CC4)cc3OC)nc2N1C1CCCC1,8.15490196
460,CHEMBL599428,Cn1nc(C(N)=O)c2c1-c1nc(NC3CCN(C(=O)c4ccccc4)CC3)ncc1CC2,5.0
461,CHEMBL1095772,CC(C)c1ccccc1Nc1ncc2c(n1)-c1c(c(C(N)=O)nn1C)CC2,6.437707136
462,CHEMBL407532,Nc1ncnc2c1N=C(c1cccc(Cl)c1)CCN2,4.0
463,CHEMBL507529,C[C@H](Nc1cc2c(cn1)cnn2-c1ccccc1C(N)=O)c1ccccc1,7.301029996
464,CHEMBL478028,Cc1nn(-c2cccc(Cl)c2)c2cc(N[C@@H](C)c3ccccc3)ncc12,6.91721463
465,CHEMBL1290072,COc1ccc(CNc2ccnc3oc4ccccc4c23)cc1,3.567030709
466,CHEMBL1094484,COC(=O)c1ccccc1Nc1ncc2c(n1)-c1c(c(C(N)=O)nn1C)CC2,5.951946827
467,CHEMBL4449490,CC[C@@H]1C(=O)N(C)c2cnc(Nc3ccc(C(=O)NC4CCN(C)CC4)cc3OCCO)nc2N1C(C)C,6.907279355
468,CHEMBL1098057,CN1CCC(n2nc(C(N)=O)c3c2-c2nc(Nc4ccccc4)ncc2CC3)CC1,5.0
469,CHEMBL4442768,CC[C@@H]1C(=O)N(C)c2cnc(Nc3cc(F)c(C(=O)NC4CCN(C)CC4)cc3OCCO)nc2N1C(C)C,7.572351629
470,CHEMBL484473,Cc1nn(-c2cc(Cl)cc(CCC(=O)O)c2)c2cc(N[C@@H](C)c3ccccc3)ncc12,7.677780705
471,CHEMBL3218001,C#Cc1cccc(Nc2ncnc3ccc(S(=O)(=O)n4ccc(/C=C/C(=O)Nc5ccccc5N)c4)cc23)c1,4.568636236
472,CHEMBL1807301,CCc1cccc(CC)c1NC(=O)c1nn(C)c2c1CCc1cnc(Nc3ccc(C(=O)N4CCC[C@H]4CN4CCCC4)cc3OC)nc1-2,5.0
473,CHEMBL371695,Cc1n[nH]c2sc(C(N)=O)c(NC(=O)c3ccccc3Cl)c12,4.638272164
474,CHEMBL4281348,CCNc1cc(-c2ccc(NC(=O)Nc3cccc(Cl)c3)cc2C(F)(F)F)ccn1,7.070581074
475,CHEMBL4169129,CC[C@@H]1C(=O)N(C)c2cnc(Nc3ccc(S(=O)(=O)NCCCO)cc3)nc2N1C1CCCC1,7.480172006
476,CHEMBL3394760,O=C(O)c1cn(CC(O)CN2CCCC2)c2ccccc12,5.315154638
477,CHEMBL474437,COc1ccc(COc2cc(-n3cnc4ccccc43)sc2C(N)=O)cc1,7.455931956
478,CHEMBL1243200,CNc1nccc(-c2cccnc2Oc2ccc(NC(=O)c3ccccc3Nc3ccccc3)cc2)n1,6.0
479,CHEMBL405233,Cc1ccc(C2=Nc3c(N)ncnc3NCC2)cc1,4.0
480,CHEMBL2323729,CC(=O)N1CCC[C@H]1C(=O)N[C@@H](CC(C)C)C(=O)N[C@@H](Cc1cnc[nH]1)C(=O)N[C@@H](CO)C(=O)N[C@H](C(=O)O)[C@@H](C)OP(=O)(O)O,4.729321164
481,CHEMBL4211020,COc1cc(F)ccc1-c1ccnc(Nc2ccc(S(=O)(=O)Nc3noc(C)c3C)cc2)n1,4.903089987
482,CHEMBL4209357,COc1cccc(F)c1-c1ccnc(Nc2ccc(S(=O)(=O)Nc3nnc(C)s3)cc2)n1,4.903089987
483,CHEMBL4574072,CCCNC(=O)c1ccc(Nc2ncc3c(n2)N(C2CCCC2)[C@H](CC)C(=O)N3C)c(OCCO)c1,7.389978975
484,CHEMBL1774332,Cn1nc(C(N)=O)c2c1-c1nc(Nc3cc(NC4CCCN4)ccc3OC(F)(F)F)ncc1CC2,7.080921908
485,CHEMBL1288582,COc1ccc2cc(-c3n[nH]c4cccnc34)[nH]c2c1,4.522878745
486,CHEMBL523487,O=C(c1sc2c([N+](=O)[O-])cc(C(F)(F)F)cc2[n+]1[O-])N1CCCC1,4.251811973
487,CHEMBL259381,Nc1nc(N)c2c(n1)NCCC(c1cccc(Cl)c1)=N2,4.0
488,CHEMBL3925420,CC(=O)N1CCC[C@H]1C(=O)N[C@@H](CC(C)C)C(=O)N[C@@H](Cc1cncn1CCCCCO/N=C/c1cnc(N(C)Cc2ccccc2)s1)C(=O)N[C@@H](CO)C(=O)N[C@H](C(N)=O)[C@@H](C)OP(=O)(O)O,6.612610174
489,CHEMBL606119,O=C1Cc2cc3c(=O)[nH]c(=O)[nH]c3nc2-c2cnccc2N1,4.0
490,CHEMBL3309997,OCCCNc1ccc2c(c1)nc(-c1ccc3c(c1)OCO3)n1ncnc21,5.0
491,CHEMBL4583439,NC(=O)c1sc2c([n+]1[O-])C(SC[C@H](N)C(=O)O)C(C(F)(F)F)=CC2[N+](=O)[O-],5.602059991
492,CHEMBL515457,CCn1c(=O)/c(=C\Nc2ccc(OCCN(C)C)cc2)s/c1=C(/C#N)C(=O)NCC(F)F,7.13076828
493,CHEMBL1094810,Cn1nc(C(N)=O)c2c1-c1nc(Nc3ccccc3[N+](=O)[O-])ncc1CC2,6.311580178
494,CHEMBL1094820,Cn1nc(C(N)=O)c2c1-c1nc(Nc3ccccc3Nc3ccccc3)ncc1CC2,6.022733788
495,CHEMBL2036728,Cn1c(-c2ccnc(Nc3ccc(N4CCOCC4)cc3)n2)nc2ccccc21,4.0
496,CHEMBL1095716,CC(=O)c1ccc(N2CCN(C)CC2)cc1Nc1ncc2c(n1)-c1c(c(C(N)=O)nn1C)CC2,6.962573502
497,CHEMBL471816,COc1cc(Nc2ncc3c(C)nc(-c4ccc(F)cc4)n3n2)cc(OC)c1OC,7.096910013
498,CHEMBL103667,Cc1ccc(-n2nc(C(C)(C)C)cc2NC(=O)Nc2ccc(OCCN3CCOCC3)c3ccccc23)cc1,4.522878745
499,CHEMBL1209605,C[C@@H](Oc1cc(-n2cnc3cc(-c4ccncc4)ccc32)sc1C(N)=O)c1ccccc1C(F)(F)F,9.0
500,CHEMBL605841,O=C1Cc2cnc(Nc3ccc(O)cc3)nc2-c2ccccc2N1,4.0
501,CHEMBL431336,Cc1nc(N)sc1-c1ccnc(Nc2ccc(O)cc2)n1,4.602059991
502,CHEMBL4085987,CC[C@@H]1c2c(C#N)ncn2-c2cnc(Nc3ccc(C(=O)NC4CCN(C)CC4)cc3OC)nc2N1C(C)C,8.065501549
503,CHEMBL3260247,COc1ccc(/C=C/C(=O)NNC(=O)c2ccc3c(c2)OCCO3)cc1,6.721246399
504,CHEMBL407265,Nc1ncnc2c1N=C(c1ccc(Cl)cc1)CCN2,4.0
505,CHEMBL3652219,CN1CCN(c2ccc(OC(F)(F)F)c(Nc3ncc4c(n3)-c3c(c(C(=O)O)nn3C)CC4)c2)CC1,8.0
506,CHEMBL4172312,CCC1C(=O)N(C)c2cnc(-n3ccc4cc(C(N)=O)ccc43)nc2N1c1ccn(C)n1,5.30181243
507,CHEMBL493326,COc1ccc2ncn(-c3cc(O[C@H](C)c4ccccc4Cl)c(C(N)=O)s3)c2c1,9.0
508,CHEMBL1277019,CCc1ccsc1-c1cnc(N)c(N2CCC(C(=O)O)CC2)n1,5.070581074
509,CHEMBL222312,COc1cc2ncn(-c3cc(OCc4ccccc4)c(C(=O)O)s3)c2cc1OC,6.199998172
510,CHEMBL3932992,CNC(=O)c1ccc(OC)cc1,3.903089987
511,CHEMBL3330410,NS(=O)(=O)c1cccc(-c2n[nH]c3ccc(NC(=O)C(c4ccsc4)N4CCCC4)cc23)c1,4.301029996
512,CHEMBL1095771,Cn1nc(C(N)=O)c2c1-c1nc(Nc3ccccc3F)ncc1CC2,6.903089987
513,CHEMBL454440,Cc1c(O)c(O)cc2oc3cc(O)cc(O)c3c(=O)c12,5.055517328
514,CHEMBL4459892,CC[C@@H]1C(=O)N(C)c2cnc(Nc3cc(F)c(C(=O)NC4CCN(C)CC4)cc3OCCO)nc2N1C1CCCC1,8.446116973
515,CHEMBL1097373,CC(=O)Nc1ccccc1Nc1ncc2c(n1)-c1c(c(C(N)=O)nn1C)CC2,5.598082749
516,CHEMBL1094821,Cn1nc(C(N)=O)c2c1-c1nc(Nc3ccccc3C(=O)c3ccccc3)ncc1CC2,5.705754284
517,CHEMBL4453584,CCCCNC(=O)c1ccc(Nc2ncc3c(n2)N(C2CCCC2)[C@H](CC)C(=O)N3C)c(OCCO)c1,7.456677099
518,CHEMBL1933579,CN1CCN(c2ccc(OC(F)(F)F)c(Nc3nccc(-c4cc(C(N)=O)cn4CCO)n3)c2)CC1,6.821023053
519,CHEMBL1933585,CN1CCN(c2ccc(OC(F)(F)F)c(Nc3nccc(-c4cc5c(n4C)CCN(C(=O)OC(C)(C)C)C5=O)n3)c2)CC1,6.087777943
520,CHEMBL4115250,CNC(=O)C1=CC(CCCN2CCOCC2)[N+](c2ccccc2)=C1C,3.259637311
521,CHEMBL3979907,CC(=O)N1CCC[C@H]1C(=O)N[C@@H](CC(C)C)C(=O)N[C@@H](Cc1cncn1CCCCCCO/N=C/c1ccccc1-c1ccc(F)cc1)C(=O)N[C@@H](CO)C(=O)N[C@H](C(N)=O)[C@@H](C)OP(=O)(O)O,6.730487056
522,CHEMBL561286,C[C@@H](Oc1cc(-c2cnc3ccccn23)sc1C(N)=O)c1ccc(CNC2CC2)cc1Cl,7.920818754
523,CHEMBL199383,COc1ccc(CNC(=O)c2cc3c(-c4ccccc4)[nH]nc3s2)cc1,4.698970004
524,CHEMBL482151,COc1cc2ncn(-c3cc(OCc4ccccc4C(F)(F)F)c(C(N)=S)s3)c2cc1OC,8.22184875
525,CHEMBL199759,Cc1n[nH]c2sc(C(N)=O)c(NC(=O)COc3ccccc3)c12,4.0
526,CHEMBL599247,O=C1Cc2cnc3cc(-c4ccccc4)nn3c2-c2ccccc2N1,4.0
527,CHEMBL3985321,CC(=O)N1CCC[C@H]1C(=O)N[C@@H](CC(C)C)C(=O)N[C@@H](Cc1cncn1CCCCCCCCc1ccccc1Oc1ccccc1)C(=O)N[C@@H](CO)C(=O)N[C@H](C(N)=O)[C@@H](C)OP(=O)(O)O,7.283996656
528,CHEMBL2148053,CC(C)(C(=O)NCCn1ccc2ncnc(Nc3ccc(Oc4cccc(Cl)c4)c(Cl)c3)c21)S(C)(=O)=O.Cc1ccc(S(=O)(=O)O)cc1,5.0
529,CHEMBL4203571,COc1cc(C(=O)NCCc2ccccc2)ccc1Nc1ncc2c(n1)N(C1CCCC1)[C@H](C)C(=O)N2C,7.568636236
530,CHEMBL4458460,CC[C@@H]1C(=O)N(C)c2cnc(Nc3cc(F)c(C(=O)NC4CCCC4)cc3OCCO)nc2N1C1CCCC1,8.410050399
531,CHEMBL1271591,Cn1nc(C(N)=O)c2c1-c1nc(Nc3cc(NC4CCNC4)ccc3OC(F)(F)F)ncc1CC2,7.113509275
532,CHEMBL1209604,C[C@@H](Oc1cc(-n2cnc3ccc(-c4ccccc4)cc32)sc1C(N)=O)c1ccccc1C(F)(F)F,7.744727495
533,CHEMBL1945497,CN(C)CCCc1ccc(OC(F)(F)F)c(Nc2ncc3c(n2)-c2ccc(Cl)cc2NC(=S)C3)c1,8.15490196
534,CHEMBL2401963,CC[C@@H]1C(=O)N(C)c2cnc(-n3ccnc3-c3ccccc3)nc2N1C1CCCC1,8.096910013
535,CHEMBL4469756,CCOc1cc(C(=O)NC2CCN(C)CC2)ccc1Nc1ncc2c(n1)N(Cc1cccc(Br)c1)[C@H](CC)C(=O)N2C,6.958607315
536,CHEMBL2407919,CC(=O)Nc1ccc2c(c1)NC(=O)/C2=C/c1ccc2cn[nH]c2c1,5.0
537,CHEMBL505637,O=C(NCCc1ccc(O)c(Br)c1)/C(Cc1cc(Br)c(O)c(-c2cc(C/C(=N/O)C(=O)NCCc3ccc(O)c(Br)c3)cc(Br)c2O)c1)=N\O,5.408935393
538,CHEMBL3967183,CNC(=O)c1cc(OC)c2c(c1)OCCO2,3.522878745
539,CHEMBL3935387,CC(=O)N1CCC[C@H]1C(=O)N[C@@H](CC(C)C)C(=O)N[C@@H](Cc1cncn1CCCCCCCCc1ccccc1OCc1ccccc1)C(=O)N[C@@H](CO)C(=O)N[C@H](C(N)=O)[C@@H](C)OP(=O)(O)O,7.494850022
540,CHEMBL4175722,CC[C@@H]1C(=O)N(C)c2cnc(-n3ccc4cc(C(=O)NC5CCCC5)ccc43)nc2N1C1CCCC1,7.362410214
541,CHEMBL115220,O=C(Cc1ccc2ccccc2c1)Nc1cc(C2CC2)n[nH]1,5.0
542,CHEMBL2407903,COc1cc(/C=C2\C(=O)Nc3ccc(Br)cc32)cc(Cl)c1O,5.443697499
543,CHEMBL2207840,CC(=O)N1CCC[C@H]1C(=O)N[C@@H](CC(C)C)C(=O)N[C@@H](CCCNC(=O)CCCCCCCc1ccccc1)C(=O)N[C@@H](CO)C(=O)N[C@H](C(N)=O)[C@@H](C)OP(=O)(O)O,6.769551079
544,CHEMBL1807306,CCc1cccc(CC)c1NC(=O)c1nn(C)c2c1CCc1cnc(Nc3ccc(C(=O)N4CCCN(C)CC4)cc3OC(F)(F)F)nc1-2,5.0
545,CHEMBL1933581,Cn1cc(C(N)=O)cc1-c1ccnc(Nc2cc(N3CCN(C(=O)OC(C)(C)C)CC3)ccc2OC(F)(F)F)n1,5.0
546,CHEMBL475597,COc1ccccc1COc1cc(-n2cnc3ccccc32)sc1C(N)=O,7.920818754
547,CHEMBL604545,O=C1Cc2cnc(Nc3cccc(O)c3)nc2-c2ccccc2N1,4.721246399
548,CHEMBL1945171,Cc1ccc(CCCN(C)C)cc1Nc1ncc2c(n1)-c1ccc(Cl)cc1NC(=S)C2,8.698970004
549,CHEMBL3358966,COc1cc(-c2nc(-c3c[nH]c4ccccc34)c[nH]c2=O)cc(OC)c1OC,4.0
550,CHEMBL552084,C[C@@H](Oc1cc(-c2cnc3ccccn23)sc1C(N)=O)c1ccc(CNCCCO)cc1Cl,7.721246399
551,CHEMBL486966,COc1ccccc1-c1nc(C)c2cnc(Nc3cc(OC)c(OC)c(OC)c3)nn12,5.247183569
552,CHEMBL489083,N=C(N)SCCCn1c(=O)c2c(c1=O)n1c3ccccc3cc1c1cccc3ccn2c31,5.004364805
553,CHEMBL496129,Cc1ccc(NC(=O)c2ccc(CN3CCN(C)CC3)cc2)cc1-c1ccc(-c2csc(N)n2)cc1,4.602059991
554,CHEMBL4174667,CC[C@@H]1C(=O)N(C)c2cnc(-n3ccc4cc(C(=O)NC(C)C)ccc43)nc2N1C1CCCC1,7.009883234
555,CHEMBL219711,COc1cc2ncn(-c3cc(OCc4ccc(S(C)(=O)=O)cc4)c(C#N)s3)c2cc1OC,6.199998172
556,CHEMBL4515755,CC[C@@H]1C(=O)N(C)c2cnc(Nc3cc(F)c(C(=O)NCCN(C)C)cc3OCCO)nc2N1C1CCCC1,6.896880746
557,CHEMBL560808,CC(C)NCc1ccc([C@@H](C)Oc2cc(-c3cnc4ccccn34)sc2C(N)=O)c(Cl)c1,7.552841969
558,CHEMBL1630108,O=C(/C=C/c1ccc(-c2ccc3ncnc(Nc4ccc(OCc5cccc(F)c5)c(Cl)c4)c3c2)s1)NO,5.568636236
559,CHEMBL474054,COc1ccccc1COc1cc(-n2cnc3cc(OC)c(OC)cc32)sc1C(N)=O,8.096910013
560,CHEMBL4096151,CC[C@@H]1c2c(C#N)ncn2-c2cnc(Nc3cc(F)c(C(=O)N[C@H]4CC[C@H](N5CCN(CC6CC6)CC5)CC4)cc3OC)nc2N1C(C)C,8.408935393
561,CHEMBL520284,COc1cc2ncn(-c3cc(OCc4ccccc4C(F)(F)F)c(-c4nnn[nH]4)s3)c2cc1OC,7.13667714
562,CHEMBL1094815,Cn1nc(C(N)=O)c2c1-c1nc(Nc3ccccc3C(N)=O)ncc1CC2,5.682772651
563,CHEMBL497353,Cc1ccc(NC(=O)c2ccc(CN3CCN(C)CC3)cc2)cc1-c1ccc2c(N)noc2c1,4.602059991
564,CHEMBL475946,CCNC(=O)/C(C#N)=c1\s/c(=C/Nc2cccc(C(=O)NCCCN3CCCC3)c2)c(=O)n1CC,6.462180905
565,CHEMBL2036865,Cn1c(-c2ccnc(Nc3ccc(O)c(Cl)c3)n2)nc2ccccc21,5.22184875
566,CHEMBL563411,C[C@@H](Oc1cc(-c2cnc3ccccn23)sc1C(N)=O)c1ccc(CNC(C)(C)CO)cc1Cl,7.638272164
567,CHEMBL198022,Cc1n[nH]c2sc(C(N)=O)cc12,4.698970004
568,CHEMBL2407915,O=C1Nc2cc(Cl)ccc2/C1=C\c1ccc2cn[nH]c2c1,4.585026652
569,CHEMBL604712,CC(C)(C)C(=O)N1Cc2c(NC(=O)c3cc(F)cc(F)c3)n[nH]c2C1(C)C,5.0
570,CHEMBL1944682,COc1ccc(Nc2ncc3c(n2)-c2ccc(C#N)cc2NC(=O)C3)cc1OC,7.080921908
571,CHEMBL442957,Cc1nc(C)c(-c2ccnc(Nc3ccc(O)cc3)n2)s1,5.301029996
572,CHEMBL1233528,CC[C@@H]1C(=O)N(C)c2cnc(Nc3ccc(C(=O)N[C@H]4CC[C@H](N5CCN(CC6CC6)CC5)CC4)cc3OC)nc2N1C(C)C,9.060480747
573,CHEMBL241682,Nc1ncc(-c2cccc(S(N)(=O)=O)c2)c2occ(-c3ccc(NC(=O)Nc4cc(C(F)(F)F)ccc4F)cc3)c12,5.0
574,CHEMBL1908394,C[C@@H](Oc1cc(-n2cnc3ccc(CN4CCN(C)CC4)cc32)sc1C(N)=O)c1ccccc1C(F)(F)F,7.0
575,CHEMBL4218106,CC[C@@H]1C(=O)Nc2cnc(Nc3ccc(C(=O)NC4CCN(C)CC4)cc3OC)nc2N1C(C)C,5.581698709
576,CHEMBL445162,CS(=O)(=O)c1cccc(Nc2nccc(Nc3c(Cl)ccc4c3OCO4)n2)c1,4.522878745
577,CHEMBL492055,Cc1nn(-c2cccc(N(C)C)c2)c2cc(N[C@@H](C)c3ccccc3)ncc12,6.010105436
578,CHEMBL3660143,CC[C@@H]1C(=O)N(C)c2cnc(Nc3cc(N4CCN(C)CC4)ccc3OC(F)(F)F)nc2N1C1CCCC1,7.494850022
579,CHEMBL519257,COc1ccc(Nc2ncc3c(C)nc(-c4ccccc4)n3n2)cc1,6.167491087
580,CHEMBL473630,COc1cc2ncn(-c3cc(OCC4CCCC4)c(C(N)=O)s3)c2cc1OC,7.468521083
581,CHEMBL1095448,COc1cccc(Nc2ncc3c(n2)-c2c(c(C(N)=O)nn2C)CC3)c1,6.869666232
582,CHEMBL1945026,O=C1Cc2cnc(Nc3ccc(C(=O)NC4CCCC4)cc3)nc2-c2ccc(Cl)cc2N1,7.920818754
583,CHEMBL1944687,O=C1Cc2cnc(Nc3ccccc3)nc2-c2ccc(Cl)cc2N1,6.431798276
584,CHEMBL1957190,CC(C)n1c2c(c3c1-c1ccccc1C3=O)C(=O)CCC2,4.455931956
585,CHEMBL1808343,CCc1cccc(CC)c1NC(=O)c1nn(C)c2c1CCc1cnc(Nc3ccc(C(=O)N4CCC[C@@H]4CN4CCCC4)cc3OC)nc1-2,5.0
586,CHEMBL2407908,O=C1Nc2ccc(Br)cc2/C1=C/c1ccc(O)c(O)c1,5.0
587,CHEMBL1209603,C[C@@H](Oc1cc(-n2cnc3cc(-c4ccccc4)ccc32)sc1C(N)=O)c1ccccc1C(F)(F)F,8.22184875
588,CHEMBL4287557,CC(=O)N[C@H]1Cc2c[n+](cn2CCCCCCCCc2ccccc2)CCCCCNC(=O)[C@H]([C@@H](C)OP(=O)(O)O)NC(=O)[C@H](CO)NC1=O,6.723538196
589,CHEMBL4063398,CC[C@@H]1c2c(C(N)=O)ncn2-c2cnc(Nc3ccc(C(=O)NC4CCN(C)CC4)cc3OC)nc2N1C1CCCC1,8.698970004
590,CHEMBL602043,O=C1Cc2cnc(Nc3cccc(O)c3)nc2-c2cnccc2N1,5.638272164
591,CHEMBL491022,C[C@H](Nc1cc2c(Cc3ccccc3)noc2cn1)c1ccccc1,4.698970004
592,CHEMBL4558162,Cc1ccc2c(c1)nc(CCN1C(=O)c3cccc4cccc(c34)C1=O)n2-c1ccncc1,5.0
593,CHEMBL1945022,O=C1Cc2cnc(Nc3ccc(I)cc3)nc2-c2ccc(Cl)cc2N1,6.920818754
594,CHEMBL1945173,COc1ccc(CCCN(C)C)cc1Nc1ncc2c(n1)-c1ccc(Cl)cc1NC(=S)C2,8.0
595,CHEMBL296586,O=C1Cc2c([nH]c3ccc(Br)cc23)-c2ccccc2N1,4.0
596,CHEMBL2042040,CC(Oc1cc(-c2cc(-c3cc(CN(C)C)cs3)cnc2N)ccc1C(N)=O)c1ccccc1C(F)(F)F,5.879426069
597,CHEMBL503480,CCOC(=O)/C(C#N)=c1\s/c(=C/Nc2cccc(C)c2)c(=O)n1CC,7.337242168
598,CHEMBL605118,CCOc1ccc(Nc2ncc3c(n2)-c2cnccc2NC(=O)C3)cc1,5.769551079
599,CHEMBL2402082,CC[C@@H]1C(=O)N(C)c2cnc(-n3ccnc3-c3ccc(F)cc3)nc2N1c1ccnn1C,4.540607512
600,CHEMBL3950880,CC(=O)N1CCC[C@H]1C(=O)N[C@@H](CC(C)C)C(=O)N[C@@H](Cc1cncn1CCCCCCO/N=C/c1cc(Cl)ccc1OCc1ccccn1)C(=O)N[C@@H](CO)C(=O)N[C@H](C(N)=O)[C@@H](C)OP(=O)(O)O,6.826813732
601,CHEMBL4213276,COc1cc(C(=O)NC2CCNCC2)ccc1Nc1ncc2c(n1)N(C1CCCC1)[C@H](C)C(=O)N2C,8.045757491
602,CHEMBL4207754,COc1cc(F)ccc1-c1ccnc(Nc2ccc(S(=O)(=O)Nc3onc(C)c3C)cc2)n1,4.903089987
603,CHEMBL497949,NC(=O)c1ccc2c(c1)NC(=O)/C2=C(\Nc1ccc(CN2CCCCC2)cc1)c1ccccc1,5.0
604,CHEMBL4130094,CC[C@H](C)[C@H](NC(=O)[C@H](C)NC(=O)[C@@H](NC(=O)[C@H](CO)NC(=O)[C@H](Cc1cnc[nH]1)NC(=O)[C@H](CC(C)C)NC(=O)[C@@H]1CCCN1C(=O)[C@@H]1CCCN1C(=O)[C@H](CC(=O)O)NC(=O)[C@H](Cc1ccc(Cl)cc1)NC(=O)[C@@H](NC(=O)[C@H](CCC(N)=O)NC(C)=O)[C@@H](C)O)[C@@H](C)OP(=O)(O)O)C(=O)N[C@@H](Cc1ccc(O)cc1)C(=O)N[C@@H](C)C(=O)N[C@@H](CC(N)=O)C(N)=O,7.045178817
605,CHEMBL507146,O=C1C(C2=C3C(=Nc4ccccc43)/C(=C\c3ccc(O)cc3)C2=O)=C2C(=Nc3ccccc32)/C1=C\c1ccc(O)cc1,5.698970004
606,CHEMBL4205779,COc1ccccc1-c1ccnc(Nc2cccc(Cn3cnc4ccccc43)c2)n1,4.903089987
607,CHEMBL2392551,Cc1cc(Nc2ncc3c(n2)N(C2CCCC2)CC(F)(F)C(=O)N3C)ccc1C(=O)NC1CCN(C)CC1,6.721246399
608,CHEMBL4543331,CCOc1cc(C2CCN(C)CC2)ccc1Nc1ncc2c(n1)N(Cc1sccc1C)[C@H](CC)C(=O)N2C,7.167491087
609,CHEMBL1271590,CCN1CCN(c2ccc(OC(F)(F)F)c(Nc3ncc4c(n3)-c3c(c(C(N)=O)nn3C)CC4)c2)CC1,8.096910013
610,CHEMBL1630111,Nc1ccccc1NC(=O)c1ccc(-c2ccc3ncnc(Nc4ccc(OCc5cccc(F)c5)c(Cl)c4)c3c2)o1,5.408935393
611,CHEMBL478649,Cc1ccc(C(=O)NC2CC2)cc1-c1ccc(C(=O)NCC2CC2)cc1,4.602059991
612,CHEMBL4129028,CC[C@H](C)[C@H](NC(=O)[C@H](C)NC(=O)[C@@H](NC(=O)[C@H](CO)NC(=O)[C@H](Cc1cnc[nH]1)NC(=O)[C@H](CC(C)C)NC(=O)[C@@H]1CCCN1C(=O)[C@@H]1CCCN1C(=O)[C@H](CC(=O)O)NC(=O)[C@H](Cc1ccc(Cl)c(Cl)c1)NC(=O)[C@@H](NC(C)=O)[C@@H](C)O)[C@@H](C)OP(=O)(O)O)C(=O)N[C@@H](Cc1ccc(O)cc1)C(=O)N[C@@H](C)C(=O)N[C@@H](CC(N)=O)C(N)=O,7.123378084
613,CHEMBL603255,O=C1Cc2cnc(Nc3ccccc3)nc2-c2ccccc2N1,4.0
614,CHEMBL1945801,CN(C)CCCc1cc(Nc2ncc3c(n2)-c2ccc(Cl)cc2NC(=S)C3)ccc1C(F)(F)F,9.0
615,CHEMBL4456400,CC[C@@H]1C(=O)N(C)c2cnc(Nc3cc(F)c(C(=O)NC)cc3OCCO)nc2N1C1CCCC1,8.001304842
616,CHEMBL1092830,Cc1cc(NC(=O)/N=c2/[nH]cc(CCNc3cc(Nc4nc[nH]n4)ncn3)s2)c(C(F)(F)F)o1,6.142667504
617,CHEMBL476145,CC(C)(C)c1ccc(Nc2nc(NCc3cccnc3)ncc2-c2nn[nH]n2)cc1,6.017728767
618,CHEMBL241517,Nc1ncc(-c2cccc(S(N)(=O)=O)c2)c2scc(-c3ccc(F)c(Cl)c3)c12,5.0
619,CHEMBL497158,Cc1cccc(-n2nc(C)c3cnc(N[C@@H](C)c4ccccc4)cc32)c1,6.324221658
620,CHEMBL4094634,CC[C@@H]1c2c(C(=O)O)ncn2-c2cnc(Nc3ccc(C(=O)NC4CCN(C)CC4)cc3OC)nc2N1C1CCCC1,8.853871964
621,CHEMBL4449858,CCOc1cc(C2CCN(C)CC2)ccc1Nc1ncc2c(n1)N(Cc1cc(C)cs1)[C@H](CC)C(=O)N2C,6.903089987
622,CHEMBL4450564,CC[C@@H]1C(=O)Nc2cnc(Nc3ccc(C(=O)NC4CCCC4)cc3OC)nc2N1C1CCCC1,7.283495836
623,CHEMBL1208962,C[C@@H](Oc1cc(-n2cnc3cc(-c4ccnc(NCCS(C)(=O)=O)c4)ccc32)sc1C(N)=O)c1ccccc1Cl,9.0
624,CHEMBL3978875,CNC(=O)CSc1ncnc2sc(C)cc12,3.32330639
625,CHEMBL3310151,CN1CCN(c2cc(F)c3c(c2)nc(Cc2ccc4c(c2)OCO4)n2nc(N)nc32)CC1,5.0
626,CHEMBL1208963,C[C@@H](Oc1cc(-n2cnc3cc(-c4ccnc(NCCO)c4)ccc32)sc1C(N)=O)c1ccccc1Cl,9.0
627,CHEMBL1097071,Cn1nc(C(N)=O)c2c1-c1nc(Nc3ccccc3C(F)(F)F)ncc1CC2,6.364516253
628,CHEMBL563469,C[C@@H](Oc1cc(-c2cnc3ccccn23)sc1C(N)=O)c1ccc(CN2CCC(F)CC2)cc1Cl,7.886056648
629,CHEMBL4214823,CC[C@@H]1C(=O)Nc2cnc(Nc3ccc(C(=O)NC4CCN(C)CC4)cc3OC)nc2N1C1CCCCC1,7.42945706
630,CHEMBL455343,CC(=O)Nc1cccc(-c2ccnc(Nc3ccc(O)cc3)n2)c1,5.161150909
631,CHEMBL1793894,COCCn1nc(C(N)=O)c2c1-c1nc(Nc3cc(N4CCN(C)CC4)ccc3OC(F)(F)F)ncc1CC2,7.823908741
632,CHEMBL4210414,COc1cc(C(=O)NC2CCCCC2)ccc1Nc1ncc2c(n1)N(C1CCCC1)[C@H](C)C(=O)N2C,6.795880017
633,CHEMBL473629,COc1cc2ncn(-c3cc(OCCc4ccccc4)c(C(N)=O)s3)c2cc1OC,6.886056648
634,CHEMBL522709,COc1ccc2ncn(-c3cc(O[C@H](C)c4ccccc4C(F)(F)F)c(C(N)=O)s3)c2c1,8.522878745
635,CHEMBL4095253,C=CS(=O)(=O)N1CCC[C@@H]1Cn1cc(-c2ccc3c(c2)OCO3)c2c(N)ncnc21,5.0
636,CHEMBL481724,NC(=O)c1sc(-n2cnc3ccccc32)cc1OCc1ccccc1,7.214670165
637,CHEMBL2407917,CNC(=O)c1ccc2c(c1)/C(=C\c1ccc3cn[nH]c3c1)C(=O)N2,4.30980392
638,CHEMBL521734,Cc1ccc(C(=O)NC2CC2)cc1-c1ccc2c(=O)n(CC3CC3)nnc2c1,4.602059991
639,CHEMBL4202820,COc1cc(C(=O)NC2CCN(C)CC2)ccc1Nc1ncc2c(n1)N(C1CCCCC1)[C@H](C)C(=O)N2C,8.065501549
640,CHEMBL1094408,COc1ccc(N2CCN(C)CC2)cc1Nc1ncc2c(n1)-c1c(c(C(N)=O)nn1C)CC2,8.070581074
641,CHEMBL562030,Cn1nc(C(=O)NCc2ccccc2)c2c1-c1nc(Nc3ccccc3)ncc1CC2,5.0
642,CHEMBL4541823,CC[C@@H]1C(=O)N(C)c2cnc(Nc3cc(F)c(C(=O)NC4CCOCC4)cc3OCCO)nc2N1C(C)C,7.278931698
643,CHEMBL3297762,CN1CCN(C[C@@H](NC(=O)C[C@H]2CNC(=O)c3cc(-c4cccc(Cl)c4)cn32)C2CCCCC2)CC1,5.0
644,CHEMBL2042032,CC(Oc1cc(-c2cc(-c3cccc(CN(C)C)c3)cnc2N)ccc1C(N)=O)c1ccccc1C(F)(F)F,5.482804102
645,CHEMBL1689164,CC(Oc1cc(-n2cnc3ccc(OC4CCN(C)CC4)cc32)ccc1C(N)=O)c1ccccc1C(F)(F)F,6.721246399
646,CHEMBL4574255,CC[C@@H]1C(=O)N(C)c2cnc(Nc3ccc(C(=O)NC4CC4)cc3OCCO)nc2N1C1CCCC1,7.518414064
647,CHEMBL4173620,CC[C@@H]1C(=O)N(C)c2cnc(Nc3ccc(S(=O)(=O)NC4CCCC4)cc3)nc2N1C1CCCC1,7.280917426
648,CHEMBL28626,O=c1c(O)c(-c2ccc(O)cc2O)oc2cc(O)cc(O)c12,4.899629455
649,CHEMBL599446,O=C1Cc2cnc(Nc3ccc(O)c(Cl)c3)nc2-c2cnccc2N1,5.853871964
650,CHEMBL559891,NC(=O)c1sc(-c2cnn3ccccc23)cc1OCc1ccccc1C(F)(F)F,6.886056648
651,CHEMBL371239,CN1CCN(C(=O)c2cc3c(-c4ccccc4)[nH]nc3s2)CC1,4.698970004
652,CHEMBL4550702,Cn1cc(-c2cnc3c(-c4csc(C(=O)NCC(F)(F)F)c4)cnn3c2)cn1,4.0
653,CHEMBL486551,Cc1nc(-c2ccccc2)n2nc(Nc3ccc(S(N)(=O)=O)cc3)ncc12,5.562249437
654,CHEMBL1094822,Cn1nc(C(N)=O)c2c1-c1nc(Nc3ccccc3Sc3ccccc3)ncc1CC2,5.691862621
655,CHEMBL4172185,CC[C@@H]1C(=O)N(C)c2cnc(-n3ccc4cc(F)ccc43)nc2N1C1CCCC1,5.250959731
656,CHEMBL1209759,C[C@@H](Oc1cc(-n2cnc3cc(-c4cn[nH]c4)ccc32)sc1C(N)=O)c1ccccc1C(F)(F)F,9.0
657,CHEMBL2402077,CC[C@@H]1C(=O)N(C)c2cnc(-n3ccnc3-c3ccccc3)nc2N1c1cncnc1,5.110138279
658,CHEMBL1630116,Nc1ccccc1NC(=O)CCc1ccc(-c2ccc3ncnc(Nc4ccc(OCc5cccc(F)c5)c(Cl)c4)c3c2)cc1,4.568636236
659,CHEMBL1087397,CN(C)Cc1ccc(-c2cnn3c(-c4cccc(NC(=O)c5cccc(C(F)(F)F)c5)c4)ccnc23)cc1,5.698970004
660,CHEMBL475763,COc1cc2ncn(-c3cc(OCc4ccnc(Br)c4)c(C(N)=O)s3)c2cc1OC,7.853871964
661,CHEMBL1094811,Cn1nc(C(N)=O)c2c1-c1nc(Nc3cccc([N+](=O)[O-])c3)ncc1CC2,5.0
662,CHEMBL1095709,NC(=O)c1nn(CC(F)(F)F)c2c1CCc1cnc(Nc3ccccc3)nc1-2,8.22184875
663,CHEMBL2392552,COc1cc(C(=O)NC2CCN(C)CC2)ccc1Nc1ncc2c(n1)N(C1CCCC1)CCC(=O)N2C,7.920818754
664,CHEMBL3909741,CC(=O)N(c1ccccc1)c1nc(/C=N/OCCCCCCn2cncc2C[C@H](NC(=O)[C@H](CC(C)C)NC(=O)[C@@H]2CCCN2C(C)=O)C(=O)N[C@@H](CO)C(=O)N[C@H](C(N)=O)[C@@H](C)OP(=O)(O)O)cs1,6.785156152
665,CHEMBL598434,O=C1Cc2cnc3cc(-c4ccccc4)nn3c2-c2cnccc2N1,4.0
666,CHEMBL4168951,CCNC(=O)c1ccc2c(ccn2-c2ncc3c(n2)N(c2ccn(C)n2)C(CC)C(=O)N3C)c1,5.374996399
667,CHEMBL2401966,CC[C@@H]1C(=O)N(C)c2cnc(-n3ccnc3-c3ccccc3)nc2N1CCC(F)(F)F,6.602059991
668,CHEMBL1209842,C[C@@H](Oc1cc(-n2cnc3cc(-c4cnn(C)c4)ccc32)sc1C(N)=O)c1ccccc1Cl,9.0
669,CHEMBL3895334,CNC(=O)c1ccc2ncccc2c1,3.397940009
670,CHEMBL2392548,CN1CCC(NC(=O)c2ccc(Nc3ncc4c(n3)N(C3CCCC3)CC(F)(F)C(=O)N4C)cc2)CC1,9.0
671,CHEMBL1208835,C[C@@H](Oc1cc(-n2cnc3cc(-c4ccnc(N)c4)ccc32)sc1C(N)=O)c1ccccc1C(F)(F)F,9.0
672,CHEMBL98350,O=c1cc(N2CCOCC2)oc2c(-c3ccccc3)cccc12,5.688246139
673,CHEMBL1807300,CCc1cccc(CC)c1NC(=O)c1nn(C)c2c1CCc1cnc(Nc3ccc(C(=O)N4CCC[C@@H]4CN4CCCC4)cc3OC(F)(F)F)nc1-2,5.0
674,CHEMBL3260248,O=C(/C=C/c1ccc([N+](=O)[O-])cc1)NNC(=O)c1ccc2c(c1)OCCO2,6.920818754
675,CHEMBL3814269,COc1ccc(Br)cc1/C=c1\sc2nc(=O)c(C)nn2c1=O,5.494850022
676,CHEMBL4161861,CCC1C(=O)N(C)c2cnc(Nc3ccc(S(N)(=O)=O)cc3)nc2N1c1ccn(C)n1,5.979638717
677,CHEMBL516362,COc1cc2ncn(-c3cc(OCCCc4ccccc4)c(C(N)=O)s3)c2cc1OC,7.214670165
678,CHEMBL557945,CC(Oc1cc(-c2cnc3ccccn23)sc1C(N)=O)c1cc(CO)ccc1Cl,7.408935393
679,CHEMBL523286,C[C@H](Nc1cc2c(-c3cccc(Cl)c3)noc2cn1)c1ccccc1,6.204119983
680,CHEMBL3623375,CN(C)CCCNC(=O)c1csc2nc(-c3ccc(NC(=O)Nc4cc(C(C)(C)C)on4)cc3)cn12,5.0
681,CHEMBL564877,NC(=O)c1sc(-c2cnc(N)s2)cc1OCc1ccccc1C(F)(F)F,5.522878745
682,CHEMBL516248,COc1cccc(COc2cc(-n3cnc4ccccc43)sc2C(N)=O)c1,7.552841969
683,CHEMBL3109933,CN(C)C(=O)c1ccc(Nc2cc3c(cn2)cc(-c2cnn(C)c2)n3C(=O)OC(C)(C)C)c(Cl)c1,4.0
684,CHEMBL603481,Cn1c(=O)c2cc3c(nc2n(C)c1=O)-c1ccccc1NC(=O)C3,4.0
685,CHEMBL1774328,CN1CCC(c2ccc(OC(F)(F)F)c(Nc3ncc4c(n3)-c3c(c(C(N)=O)cn3C)CC4)c2)CC1,8.22184875
686,CHEMBL3954114,CC(=O)N1CCC[C@H]1C(=O)N[C@@H](CC(C)C)C(=O)N[C@@H](Cc1cncn1CCCCCCCCc1ccccc1-c1ccccc1)C(=O)N[C@@H](CO)C(=O)N[C@H](C(N)=O)[C@@H](C)OP(=O)(O)O,7.366531544
687,CHEMBL1945021,O=C1Cc2cnc(Nc3ccc(C(=O)O)cc3)nc2-c2ccc(Cl)cc2N1,7.443697499
688,CHEMBL598418,COc1ccc2c(c1)NC(=O)Cc1cnc(Nc3ccc(O)cc3)nc1-2,6.124938737
689,CHEMBL3894239,NS(=O)(=O)c1cc(Br)c(NC(=S)NC(=O)c2ccccc2)c(Br)c1,4.171340103
690,CHEMBL428496,COC[C@H]1OC(=O)c2coc3c2[C@@]1(C)C1=C(C3=O)[C@@H]2CCC(=O)[C@@]2(C)C[C@H]1OC(C)=O,7.619788758
691,CHEMBL3609304,COc1cc(C(=O)NC2CCN(C)CC2)ccc1Nc1ncc2c(n1)N(C1CCCC1)CC(=O)N2C,7.266802735
692,CHEMBL1689163,CC(Oc1cc(-n2cnc3ccccc32)sc1C(N)=O)c1ccccc1C(F)(F)F,8.045757491
693,CHEMBL1630109,O=C(/C=C/c1cccc(-c2ccc3ncnc(Nc4ccc(OCc5cccc(F)c5)c(Cl)c4)c3c2)c1)NO,5.167491087
694,CHEMBL1774331,CCN(CC)CCN(C)c1ccc(OC(F)(F)F)c(Nc2ncc3c(n2)-c2c(c(C(N)=O)nn2C)CC3)c1,7.22184875
695,CHEMBL1945501,CN(C)CCCc1cc(Nc2ncc3c(n2)-c2ccc(Cl)cc2NC(=S)C3)ccc1F,8.698970004
696,CHEMBL4173322,CCC1C(=O)N(C)c2cnc(Nc3ccc(S(=O)(=O)NCCO)cc3)nc2N1c1ccn(C)n1,5.61780279
697,CHEMBL4216442,COc1cc(C(=O)NC2=CCN(C)C=C2)ccc1Nc1ncc2c(n1)N(C1CCCC1)[C@H](C)C(=O)N2C,8.075720714
698,CHEMBL4066163,CC[C@@H]1c2c(C#N)ncn2-c2cnc(Nc3cc(F)c(C(=O)NC4CCN(C)CC4)cc3OC)nc2N1C1CCCC1,8.657577319
699,CHEMBL521761,Cc1ccc(-c2noc3cnc(N[C@@H](C)c4ccccc4)cc23)cc1,5.931814138
700,CHEMBL1956071,CCn1c(-c2nonc2N)nc2cncc(C(=O)N3CC[C@H](N)C3)c21,5.0
701,CHEMBL4164012,CCCNC(=O)c1ccc2c(ccn2-c2ncc3c(n2)N(C2CCCC2)[C@H](CC)C(=O)N3C)c1,7.097779472
702,CHEMBL1271694,Cn1nc(C(N)=O)c2c1-c1nc(Nc3cc([N+]4([O-])CC[N+](C)([O-])CC4)ccc3OC(F)(F)F)ncc1CC2,5.571541226
703,CHEMBL2407898,COc1ccc2c(c1)/C(=C\c1ccc3c(/C=C/c4ccc(CN(C)C)cc4)n[nH]c3c1)C(=O)N2,5.0
704,CHEMBL2392555,CC[C@]1(F)CN(C2CCCC2)c2nc(Nc3ccc(C(=O)NC4CCN(C)CC4)cc3OC)ncc2N(C)C1=O,7.0
705,CHEMBL599666,COc1ccc2c(c1)NC(=O)Cc1cc3c(=O)[nH]c(=O)[nH]c3nc1-2,4.0
706,CHEMBL4204526,CCOc1cccc(F)c1-c1ccnc(Nc2ccc(S(=O)(=O)Nc3onc(C)c3C)cc2)n1,4.903089987
707,CHEMBL1098059,CCOC(=O)c1nn(C)c2c1CCc1cnc(Nc3ccccc3)nc1-2,5.0
708,CHEMBL4202678,COc1cc(C(=O)N2CCCCC2)ccc1Nc1ncc2c(n1)N(C1CCCC1)[C@H](C)C(=O)N2C,7.022276395
709,CHEMBL242237,NC(=O)c1ccccc1Nc1ccnc(Nc2cccc(O)c2)n1,6.13667714
710,CHEMBL487574,COc1cc(Nc2ncc3c(C)nc(-c4ccccc4[N+](=O)[O-])n3n2)cc(OC)c1OC,5.70333481
711,CHEMBL3929778,CCOc1ccc(C(=O)NC)cc1,4.189095719
712,CHEMBL2380764,CC(=O)n1cc(CCNC(=O)CCCCCN2CC(=O)N[C@@H](CC(C)C)C(=O)N[C@@H](Cc3cncn3CCCCCCCCc3ccccc3)C(=O)N[C@@H](CO)C(=O)N[C@@H]([C@@H](C)OP(=O)(O)O)C(=O)N[C@@H](C(N)=O)CSCC2=O)c2ccccc21,5.966576245
713,CHEMBL523233,COc1ccc(-n2nc(C)c3cnc(N[C@@H](C)c4ccccc4)cc32)cc1,6.153044675
714,CHEMBL1794067,C[C@@H](Oc1cc(-n2cnc3ccc(OC[C@@H](O)CO)cc32)sc1C(N)=O)c1ccccc1Cl,9.0
715,CHEMBL1684800,COc1ccc(Cn2ncc(NC(=O)c3cc(NC(=O)Nc4ccc(Cl)c(C(F)(F)F)c4)ccc3C)c2N)cc1,6.776244546
716,CHEMBL3109404,COC(=O)c1cc(O)c(O)c(C[C@]2(C)[C@@H](C)CC[C@@]3(C)C(C)=CCC[C@H]32)c1,4.663540266
717,CHEMBL1945023,NCCCc1ccc(Nc2ncc3c(n2)-c2ccc(Cl)cc2NC(=O)C3)cc1,6.468521083
718,CHEMBL4474690,COc1cc(C2CN(C(=O)c3cc(COC[C@@H](O)CO)ccn3)C2)ccc1OCc1ccc(C2CC2)cc1,6.0
719,CHEMBL1945028,O=C1Cc2cnc(Nc3cccc(C(=O)NCCN4CCOCC4)c3)nc2-c2ccc(Cl)cc2N1,6.283996656
720,CHEMBL3394759,O=C(O)c1cn(CC(O)CN2CCCCC2)c2ccccc12,5.677780705
721,CHEMBL3965583,CC(=O)N1CCC[C@H]1C(=O)N[C@@H](CC(C)C)C(=O)N[C@@H](Cc1cncn1CCCCCCc1ccccc1Oc1ccccc1)C(=O)N[C@@H](CO)C(=O)N[C@H](C(N)=O)[C@@H](C)OP(=O)(O)O,6.8569852
722,CHEMBL514968,COc1ccc2c(c1)ncn2-c1cc(OCc2ccccc2C(F)(F)F)c(C(N)=O)s1,8.096910013
723,CHEMBL4215729,CC[C@@H]1C(=O)N(C)c2cnc(Nc3ccc(C(=O)NC4CCN(C)CC4)cc3OC)nc2N1C1CCCCC1,8.397940009
724,CHEMBL4166771,CC[C@@H]1C(=O)N(C)c2cnc(Nc3ccc(S(=O)(=O)NC)cc3)nc2N1C1CCCC1,7.794524963
725,CHEMBL2401971,CC[C@@H]1C(=O)N(C)c2cnc(-n3ccnc3-c3ccccc3)nc2N1[C@H]1CCOC1,6.420216403
726,CHEMBL562104,CNC(=O)c1nn(C)c2c1CCc1cnc(Nc3ccccc3)nc1-2,5.375202421
727,CHEMBL1672002,CC1=CC(=O)C(C(C)C)=CC1=O,5.661543506
728,CHEMBL475881,CCN(CC)CCNC(=O)c1c[nH]c2ccc(N/C=c3/s/c(=C(/C#N)C(=O)NCC(F)(F)F)n(CC)c3=O)cc12,7.387216143
729,CHEMBL517956,Cc1ccc(O)cc1CC[C@H]1[C@@H]2CC[C@H]([C@H](C)CCCC(C)C)[C@@]2(C)CC[C@H]1O,4.0
730,CHEMBL476138,CCn1c(=O)/c(=C\Nc2ccccc2)s/c1=C(/C#N)C(=O)N1CCCC1,6.568636236
731,CHEMBL557126,C[C@@H](Oc1cc(-c2cnc3ccccn23)sc1C(N)=O)c1ccc(CN2CCN(C)CC2)cc1Cl,7.769551079
732,CHEMBL597191,CCOc1ccc(Nc2ncc3c(n2)-c2ccc(OC)cc2NC(=O)C3)cc1,5.13667714
733,CHEMBL495926,COc1cccc(-n2nc(C)c3cnc(N[C@@H](C)c4ccccc4)cc32)c1,5.227091805
734,CHEMBL551483,CCNCc1ccc([C@@H](C)Oc2cc(-c3cnc4ccccn34)sc2C(N)=O)c(Cl)c1,7.677780705
735,CHEMBL2046883,Cc1ccc(NC(=O)Nc2nnc(Sc3ncnc4cc(OCCCN5CCOCC5)ccc34)s2)cc1,5.0
736,CHEMBL596598,COc1ccc2c(c1)NC(=O)Cc1cc3c(=O)n(C)c(=O)n(C)c3nc1-2,4.0
737,CHEMBL553,C#Cc1cccc(Nc2ncnc3cc(OCCOC)c(OCCOC)cc23)c1,4.0
738,CHEMBL475215,COc1cc2ncn(-c3cc(OCc4ccccc4S(C)(=O)=O)c(C(N)=O)s3)c2cc1OC,7.508638306
739,CHEMBL1094401,NC(=O)c1n[nH]c2c1CCc1cnc(Nc3ccccc3)nc1-2,6.605548319
740,CHEMBL598431,O=C1Cc2cnc(Nc3ccc(O)c(Cl)c3)nc2-c2ncccc2N1,4.0
741,CHEMBL4074778,CC[C@@H]1c2c(C#N)ncn2-c2cnc(Nc3ccc(C(=O)NC4CCN(C)CC4)cc3OC)nc2N1C1CCCC1,8.823908741
742,CHEMBL1964263,C[C@@H](Oc1cc(-n2cnc3ccc(OC4CCNCC4)cc32)sc1C(N)=O)c1ccccc1C(F)(F)F,8.522878745
743,CHEMBL1944678,COc1ccc(Nc2ncc3c(n2)-c2ccc(C(F)(F)F)cc2NC(=O)C3)cc1OC,7.744727495
744,CHEMBL2407910,O=C1Nc2ccccc2/C1=C/c1ccc2[nH]ncc2c1,4.698970004
745,CHEMBL4278200,CC(=O)N1CCC[C@H]1C(=O)N[C@@H](CC(C)C)C(=O)N[C@H]1Cc2c[n+](cn2CCCCCCCCc2ccccc2)CCCCCCNC(=O)[C@H]([C@@H](C)OP(=O)(O)O)NC(=O)[C@H](CO)NC1=O,7.610833916
746,CHEMBL1209018,CCN1CCN(CCCn2cc(-c3ccc4c(c3)ncn4-c3cc(O[C@H](C)c4ccccc4Cl)c(C(N)=O)s3)cn2)CC1,9.0
747,CHEMBL4465062,CCC1C(=O)N(C)c2cnc(Nc3cc(F)c(C(=O)NC4CCCC4)cc3OCCO)nc2N1C1CCCC1,8.137868621
748,CHEMBL1929238,CN(C)CCN1CCN(C(=O)c2cc(C(C)(C)C)sc2NC(=O)Nc2cccc(Cl)c2Cl)CCC1=O,4.522878745
749,CHEMBL4445650,O=C(CCNC(=O)c1ccc(CO)cc1)N[C@@H](Cc1cnnn1CCCCCCCCc1ccccc1)C(=O)NCc1cnnn1CCP(=O)(O)O,5.472370099
750,CHEMBL4163892,CC[C@@H]1C(=O)N(C)c2cnc(-n3ccc4cc(C(=O)NC)ccc43)nc2N1C1CCCC1,7.027843464
751,CHEMBL522392,Cc1nn(-c2cccc(F)c2)c2cc(N[C@@H](C)c3ccccc3)ncc12,6.333482019
752,CHEMBL1272250,Cn1nc(C(N)=O)c2c1-c1nc(Nc3cc(N4CCC(N5CCCC5)CC4)ccc3OC(F)(F)F)ncc1CC2,7.48148606
753,CHEMBL2380765,CC(C)C[C@@H]1NC(=O)[C@@H]2CCCN2C(=O)CSC[C@@H](C(=O)O)NC(=O)[C@H]([C@@H](C)OP(=O)(O)O)NC(=O)[C@H](CO)NC(=O)[C@H](Cc2cnc[nH]2)NC1=O,5.008773924
754,CHEMBL4207437,C[C@@H]1C(=O)N(C)c2cnc(Nc3ccc(C(=O)NC4CCN(C)CC4)cc3OC3CCCC3)nc2N1C1CCCC1,7.397940009
755,CHEMBL2324036,Cc1cc(-c2ccc(C#N)cc2)c(OCCO)c(-c2ccc(-c3nnn[nH]3)cc2)c1,3.821023053
756,CHEMBL3260243,O=C(/C=C/c1ccc(F)cc1)NNC(=O)c1ccc2c(c1)OCCO2,6.229147988
757,CHEMBL3910546,CNC(=O)c1cc(-c2ccccc2)n(-c2ccccc2)c1C,3.22184875
758,CHEMBL2401956,CC[C@@H]1C(=O)N(C)c2cnc(-c3cn[nH]c3-c3ccc(F)cc3F)nc2N1c1cnn(C)c1,5.899629455
759,CHEMBL471789,COc1cc2ncn(-c3cc(OCc4ccccc4C(F)(F)F)c(C(C)=O)s3)c2cc1OC,7.070581074
760,CHEMBL4207347,COc1cc(C(=O)NC2CCN(C)CC2)ccc1Nc1ncc2c(n1)N(C1CCOCC1)[C@H](CC(C)C)C(=O)N2C,6.492144128
761,CHEMBL522579,Cc1nnc(-c2ccc(-c3cc(C(=O)NC4CC4)ccc3C)c(C)c2)o1,4.602059991
762,CHEMBL3932104,CNC(=O)c1ccc(NC)cc1,4.505845406
763,CHEMBL4212346,COC(=O)c1ccc(Nc2ncc3c(n2)N(C2CCCC2)[C@H](C)C(=O)N3C)c(OC2CCCC2)c1,6.3400838
764,CHEMBL3309990,Nc1nc2c3c(F)cccc3nc(Cc3ccc4c(c3)OCO4)n2n1,5.0
765,CHEMBL2036870,Cn1c(-c2ccnc(Nc3cccc(O)c3)n2)nc2ccccc21,5.431798276
766,CHEMBL259380,Nc1nc(N)c2c(n1)NCCC(c1ccccc1)=N2,4.0
767,CHEMBL1808341,CCc1cccc(CC)c1NC(=O)c1nn(C)c2c1CCc1cnc(Nc3ccc(C(=O)NCCN(C)C)cc3OC)nc1-2,5.781989957
768,CHEMBL3309995,Nc1ccc2c(c1)nc(Cc1ccc3c(c1)OCO3)n1nc(N)nc21,5.0
769,CHEMBL4251324,O=C(Cc1cccc(OCCCC2CCNCC2)c1)Nc1nc(-c2ccncc2)cs1,5.0
770,CHEMBL559845,Cn1nc(C(N)=O)c2c1-c1nc(Nc3ccccc3)ncc1CC2,7.167491087
771,CHEMBL3394764,O=C(O)Cc1cn(CC(O)CN2CCCC2)c2ccccc12,6.886056648
772,CHEMBL1242977,CNc1nccc(-c2cccnc2Oc2ccc(NC(=O)c3cccc(C(F)(F)F)c3)cc2C)n1,5.096910013
773,CHEMBL261849,COc1ccc(COc2ccc(Cc3cnc(N)nc3N)cc2OC)cc1,4.619788758
774,CHEMBL4447495,CC[C@@H]1C(=O)N(C)c2cnc(Nc3cc(F)c(C(=O)NCCN4CCN(C)CC4)cc3OCCO)nc2N1C1CCCC1,7.992679047
775,CHEMBL4573833,CC[C@@H]1C(=O)N(C)c2cnc(Nc3cc(F)c(C(=O)NCCN4CCOCC4)cc3OCCO)nc2N1C1CCCC1,7.698970004
776,CHEMBL4164082,CCC1C(=O)N(C)c2cnc(-n3ccc4cc(C(=O)NC5CCCC5)ccc43)nc2N1c1ccn(C)n1,5.916139199
777,CHEMBL603545,O=C1Cc2cnc(Nc3ccccc3O)nc2-c2ccccc2N1,4.853871964
778,CHEMBL3916430,CC(=O)N(c1ccccc1)c1nc(/C=N/OCCCCCn2cncc2C[C@H](NC(=O)[C@H](CC(C)C)NC(=O)[C@@H]2CCCN2C(C)=O)C(=O)N[C@@H](CO)C(=O)N[C@H](C(N)=O)[C@@H](C)OP(=O)(O)O)cs1,6.924453039
779,CHEMBL4524869,CC[C@@H]1C(=O)N(COC)c2cnc(Nc3ccc(C(=O)NC4CCCC4)cc3OC)nc2N1C1CCCC1,5.920818754
780,CHEMBL370199,COC(=O)C(=O)Nc1c(C(N)=O)sc2[nH]nc(C)c12,5.096910013
781,CHEMBL551078,C[C@@H](Oc1cc(-c2cnc3ccccn23)sc1C(N)=O)c1ccc(CNC(C)(C)C)cc1C(F)F,7.698970004
782,CHEMBL4126401,CC[C@H](C)[C@H](NC(=O)[C@H](C)NC(=O)[C@@H](NC(=O)[C@H](CO)NC(=O)[C@H](Cc1cnc[nH]1)NC(=O)[C@H](CC(C)C)NC(=O)[C@@H]1CCCN1C(=O)[C@@H]1CCCN1C(=O)[C@H](CC(=O)O)NC(=O)[C@H](Cc1ccc(Cl)c(Cl)c1)NC(=O)[C@H](CCC(N)=O)NC(C)=O)[C@@H](C)O)C(=O)N[C@@H](Cc1ccc(O)cc1)C(=O)N[C@@H](C)C(=O)N[C@@H](CC(N)=O)C(N)=O,7.183162369
783,CHEMBL4450624,CC[C@@H]1C(=O)N(C)c2cnc(Nc3ccc(C(=O)NC4CCN(C)CC4)cc3OCCO)nc2N1C1CCCC1,8.369572125
784,CHEMBL1630113,Nc1ccccc1NC(=O)/C=C/c1ccc(-c2ccc3ncnc(Nc4ccc(OCc5cccc(F)c5)c(Cl)c4)c3c2)o1,5.070581074
785,CHEMBL555970,CNCc1ccc([C@@H](C)Oc2cc(-c3cnc4ccccn34)sc2C(N)=O)c(Cl)c1,7.795880017
786,CHEMBL4128878,CC[C@H](C)[C@H](NC(=O)[C@H](C)NC(=O)[C@@H](NC(=O)[C@H](CO)NC(=O)[C@H](Cc1cnc[nH]1)NC(=O)[C@H](CC(C)C)NC(=O)[C@@H]1CCCN1C(=O)[C@@H]1CCCN1C(=O)[C@H](CC(=O)O)NC(=O)[C@H](Cc1ccc([N+](=O)[O-])cc1)NC(=O)[C@@H](NC(=O)[C@H](CCC(N)=O)NC(C)=O)[C@@H](C)O)[C@@H](C)OP(=O)(O)O)C(=O)N[C@@H](Cc1ccc(O)cc1)C(=O)N[C@@H](C)C(=O)N[C@@H](CC(N)=O)C(N)=O,7.153415497
787,CHEMBL4206381,C[C@H]1C(=O)N(C)c2cnc(Nc3ccc(C(=O)NC4CCN(C)CC4)cc3OC3CCCC3)nc2N1C1CCCC1,6.896196279
788,CHEMBL1933577,CN1CCN(c2ccc(OC(F)(F)F)c(Nc3nccc(-c4cc(C(N)=O)cn4CC(F)(F)F)n3)c2)CC1,7.744727495
789,CHEMBL1944686,COc1cc(Nc2ncc3c(n2)-c2ccc(Cl)cc2NC(=O)C3)cc(OC)c1,7.48148606
790,CHEMBL476146,c1csc(CCNc2ncc(-c3nn[nH]n3)c(Nc3ccc4c(c3)OCCO4)n2)c1,5.982966661
791,CHEMBL514162,COc1cc2ncn(-c3cc(OCc4ccccc4Cl)c(C(N)=O)s3)c2cc1OC,8.698970004
